id,motion_intensity,scene_change_count
VIDEO_7072060893818899717,22.774,1
VIDEO_7333701921573850374,62.406,9
VIDEO_7062046390570061061,14.721,0
VIDEO_7348384350297165061,20.366,1
VIDEO_7081276473687985413,7.565,0
VIDEO_7527665793501318456,22.362,0
VIDEO_7073906588079246598,25.606,3
VIDEO_7064244808700726533,10.066,0
VIDEO_7086527236471311622,28.181,1
VIDEO_7070907935722917126,47.688,8
VIDEO_7345477638619778309,47.863,9
VIDEO_7063505399307144454,48.998,4
VIDEO_6895288761354112258,18.294,0
VIDEO_7320606856995523846,26.172,3
VIDEO_7082037036730813701,25.265,1
VIDEO_7080535307816291589,26.074,2
VIDEO_7175115192966106374,18.51,0
VIDEO_7597437745258073400,17.633,0
VIDEO_7457617290348072197,22.237,0
VIDEO_7053136217717607686,40.766,4
VIDEO_7479794065983147269,16.301,0
VIDEO_7079071645771500806,23.186,2
VIDEO_7346623546229099781,29.13,5
VIDEO_6918691694791691525,40.011,7
VIDEO_7221953102184779013,21.783,1
VIDEO_7319511492888366342,54.492,10
VIDEO_7066872454249073925,18.416,0
VIDEO_7198947136300403974,44.159,8
VIDEO_7084552539126926597,34.674,3
VIDEO_7083159832185933061,9.28,0
VIDEO_7426721230721453318,8.285,0
VIDEO_7083882172154645765,42.776,9
VIDEO_7082815811529805062,20.093,0
VIDEO_7199338065867934982,10.824,2
VIDEO_7064585014561754373,23.229,1
VIDEO_7217463144069844230,37.811,6
VIDEO_7087653844863208709,49.108,8
VIDEO_7174823379453644037,59.898,8
VIDEO_7575902535349816588,26.36,3
VIDEO_7184475894335950085,50.909,9
VIDEO_7078352231413697797,20.726,0
VIDEO_6980696986135710981,40.933,3
VIDEO_7061663961090936070,17.221,0
VIDEO_7329596850804100358,54.299,10
VIDEO_7060191695681375493,13.69,0
VIDEO_7559134249731853579,13.822,0
VIDEO_7058348964306783493,14.167,0
VIDEO_7070569241413422342,7.146,0
VIDEO_7059081815985818886,16.658,1
VIDEO_7064977105032858885,23.639,1
VIDEO_7488241037907905797,10.16,0
VIDEO_7079836018203020549,2.636,0
VIDEO_7580037763580415244,32.164,6
VIDEO_7187448552354794758,51.441,8
VIDEO_7087592356664315141,33.071,4
VIDEO_7064650116321250566,13.226,0
VIDEO_6921676134212029701,22.986,0
VIDEO_7267229404584037638,17.466,1
VIDEO_7085404371671846150,43.66,6
VIDEO_7076502785742720261,11.665,1
VIDEO_7328066217929985286,8.204,1
VIDEO_7066474035613388037,19.557,1
VIDEO_6926459852134845701,26.539,1
VIDEO_7070218376328563973,14.989,1
VIDEO_7577087400501857592,26.924,1
VIDEO_7524995526518000901,19.431,0
VIDEO_7068731699701484806,56.759,5
VIDEO_6946128715000663301,44.79,7
VIDEO_7561497104322022667,6.172,0
VIDEO_7329985883539541253,41.598,3
VIDEO_7080188060561837318,29.494,3
VIDEO_7582952363116268812,20.356,0
VIDEO_6897900291631402242,26.785,2
VIDEO_7197470706416815365,44.389,4
VIDEO_7349173304613162246,34.913,6
VIDEO_7087984641864502534,37.738,5
VIDEO_7180432290151959814,54.195,7
VIDEO_7325113581249301766,23.064,0
VIDEO_7332928025517903109,13.48,0
VIDEO_7054255399968476422,11.143,0
VIDEO_7080583186522098949,4.229,0
VIDEO_7545528304237841720,24.726,1
VIDEO_7059832468412583173,22.608,0
VIDEO_7569526874024512780,1.63,0
VIDEO_7586689516153343288,47.615,8
VIDEO_7056423267564899590,17.966,0
VIDEO_7083930192657353990,19.264,1
VIDEO_7073547434244328709,4.193,0
VIDEO_7339952469901970693,21.959,2
VIDEO_7059442492080491781,30.46,4
VIDEO_7595900789546044684,17.596,0
VIDEO_6876847536938749185,61.641,8
VIDEO_7206417246502046981,31.157,6
VIDEO_7056858947935915270,16.397,0
VIDEO_7593673061476420920,15.495,2
VIDEO_7176635190469512453,13.462,0
VIDEO_7075406881111444742,32.893,4
VIDEO_7054964457310539013,12.042,0
VIDEO_6980319450687868166,24.338,0
VIDEO_7079418950315969798,20.947,1
VIDEO_7323237610665544966,61.382,9
VIDEO_7086144769222511877,26.263,3
VIDEO_6923874728902003973,32.522,5
VIDEO_7540672667704118533,25.605,1
VIDEO_7517644986310020408,17.555,0
VIDEO_7520150754858896645,27.773,3
VIDEO_7463089844516965637,17.626,0
VIDEO_7082386924677205253,24.342,1
VIDEO_7074644027190103302,21.224,1
VIDEO_7069844079122599173,26.432,3
VIDEO_6934012329067597061,4.793,0
VIDEO_7067985901011373317,35.056,5
VIDEO_7537787296209259782,36.346,6
VIDEO_7334734613429882117,16.909,1
VIDEO_6942166804311575814,15.539,0
VIDEO_7061273234259610885,9.934,1
VIDEO_7081323710442917125,25.743,2
VIDEO_7189955800851320070,25.064,0
VIDEO_7085367737178000646,21.803,0
VIDEO_7038692809985051909,31.412,5
VIDEO_7065769954695564550,18.004,1
VIDEO_7067623396279930117,6.516,0
VIDEO_7593820955810598156,19.563,2
VIDEO_7578641094464867595,16.983,0
VIDEO_7041160388334980357,71.097,8
VIDEO_7179319229924084997,3.03,0
VIDEO_7083526112558517510,14.811,1
VIDEO_7175864609029491974,50.945,4
VIDEO_7334309352062405893,15.923,1
VIDEO_7325861199604665606,30.348,2
VIDEO_7072780188018380038,43.534,7
VIDEO_7081701013891157253,34.851,8
VIDEO_7189175939098561798,23.538,2
VIDEO_6945377653587266822,15.383,0
VIDEO_7470863926922579205,18.539,0
VIDEO_7086111451965869317,23.325,1
VIDEO_7570044496004533516,57.288,8
VIDEO_7338825965419662598,20.935,0
VIDEO_7186344254921280773,26.514,3
VIDEO_7077597321667546373,27.17,1
VIDEO_7085748815449312517,12.171,1
VIDEO_7415576931577433349,26.339,3
VIDEO_7461940902890605829,48.745,6
VIDEO_7076131060420988165,44.784,6
VIDEO_7201892299112992005,9.219,0
VIDEO_7207818125402852613,5.863,0
VIDEO_7565955844764863755,20.275,0
VIDEO_7182983364293430533,48.419,7
VIDEO_7058664802880589062,23.254,1
VIDEO_7584927758497697035,10.25,1
VIDEO_7214396955810680069,5.501,0
VIDEO_7059747853035441414,22.991,0
VIDEO_7185872343988702470,53.17,9
VIDEO_7553173878785297720,14.176,0
VIDEO_7341020687345192197,21.528,1
VIDEO_7060513660975844614,24.566,1
VIDEO_7053886455805955333,45.248,6
VIDEO_7057221943623306501,28.458,3
VIDEO_7072415750589254918,15.554,3
VIDEO_7073513732395044102,25.693,2
VIDEO_7071272326746230021,28.253,4
VIDEO_7606743080678591766,0.507,0
VIDEO_7062415851231677702,12.162,0
VIDEO_7466106459403701526,15.457,0
VIDEO_7559557230903774486,0.211,0
VIDEO_7267879991004761376,17.596,0
VIDEO_7305425778076880161,7.768,0
VIDEO_7304272406548319520,27.989,4
VIDEO_7471289820795374870,30.625,6
VIDEO_7575110522522144022,27.988,1
VIDEO_7321436866287373600,17.398,1
VIDEO_7593664206210157827,5.293,0
VIDEO_7466514918137728278,18.984,2
VIDEO_7598574537407548694,40.412,7
VIDEO_7520582757412556054,16.885,0
VIDEO_7495368561821535510,21.257,2
VIDEO_7582254546236230934,29.684,3
VIDEO_7523154104273915158,31.209,3
VIDEO_7453069595327384865,13.649,0
VIDEO_7594160012247797014,36.61,6
VIDEO_7546567057056353558,3.12,0
VIDEO_7318832237842156832,0.713,0
VIDEO_7507578375586712854,9.488,1
VIDEO_7486822725684792599,22.003,2
VIDEO_7322420132649749793,26.635,1
VIDEO_7493891893026180374,14.879,0
VIDEO_7338778286597655840,45.153,5
VIDEO_7447538385993895201,9.052,0
VIDEO_7319919643378912544,13.132,1
VIDEO_7465714414814137623,21.569,2
VIDEO_7580000663845850390,36.569,6
VIDEO_7469067273794456854,28.109,2
VIDEO_7442354645382532385,8.134,0
VIDEO_7283105183352016160,16.999,0
VIDEO_7447184186034654496,20.975,2
VIDEO_7303968237966904609,16.725,1
VIDEO_7372132003078032672,22.381,0
VIDEO_7343970143497653537,12.165,0
VIDEO_7399975638112783649,18.857,1
VIDEO_7604101089775865110,25.06,2
VIDEO_7351073088601148704,14.808,1
VIDEO_7315822267781467424,2.083,0
VIDEO_7446341554735828256,3.491,0
VIDEO_7517987561692794134,3.616,0
VIDEO_7596412614402460950,9.724,0
VIDEO_7481624954484690198,9.236,0
VIDEO_7576319921030827286,10.032,0
VIDEO_7476865863409257750,39.047,6
VIDEO_7483098002547100950,45.0,9
VIDEO_7591891163175554326,20.93,0
VIDEO_7307971449870994720,16.389,1
VIDEO_7578151818585328918,26.886,2
VIDEO_7457587495031606560,21.942,0
VIDEO_7274897399045246241,34.27,5
VIDEO_7586630099286510870,12.603,0
VIDEO_7261958198775532832,36.648,4
VIDEO_7333562774750088480,15.076,0
VIDEO_7390334004001639713,53.948,9
VIDEO_7473224176086584598,4.763,0
VIDEO_7570012092829748502,6.49,0
VIDEO_7327710709201014049,19.827,1
VIDEO_7597422827196763414,9.172,0
VIDEO_7286830586478578976,54.247,5
VIDEO_7323667240933444896,1.919,0
VIDEO_7325457714312727840,27.28,2
VIDEO_7321012358594235681,29.753,1
VIDEO_7491632736105450774,29.671,2
VIDEO_7553223847730777346,21.09,2
VIDEO_7471566242168491286,40.838,7
VIDEO_7450183993355488545,38.144,8
VIDEO_7340356860299496736,25.13,2
VIDEO_7297205575501270304,14.152,0
VIDEO_7470495287212084503,23.67,0
VIDEO_7587478416618736918,16.804,1
VIDEO_7566632651352853782,39.153,7
VIDEO_7312523032025730337,34.725,3
VIDEO_7309133635578236192,26.036,2
VIDEO_7598953535165959426,13.395,0
VIDEO_7477935287646063894,13.517,0
VIDEO_7341738165746634017,25.366,1
VIDEO_7291228337123511585,24.41,2
VIDEO_7172555111879757062,36.093,6
VIDEO_7108997263912979717,43.857,9
VIDEO_7388867149407849760,0.737,0
VIDEO_7290955653349133600,27.556,3
VIDEO_7317664309432077600,16.389,0
VIDEO_7436044441170857249,25.338,1
VIDEO_7293822418068442400,21.865,1
VIDEO_7067063225736580357,25.137,3
VIDEO_7440142040542825760,48.348,8
VIDEO_7245239505911893274,6.177,0
VIDEO_7098701138203069702,20.798,0
VIDEO_7241956873698577691,22.28,0
VIDEO_7377004580510436641,33.705,5
VIDEO_7176917454893911301,6.48,0
VIDEO_7164772525006720262,39.385,8
VIDEO_7337268516128591136,19.726,0
VIDEO_7449430237114404128,35.728,4
VIDEO_7215656408069442822,13.411,1
VIDEO_7310626433129270560,29.466,3
VIDEO_7233784589523717402,10.11,0
VIDEO_7265326628274752801,40.404,5
VIDEO_7366603470272515361,26.008,0
VIDEO_7070162555695615237,10.383,0
VIDEO_7239344688006728986,33.629,5
VIDEO_7394351547376880929,27.719,3
VIDEO_7310258308969991457,32.337,2
VIDEO_7575831202117045526,41.252,4
VIDEO_7195215450970606853,12.18,0
VIDEO_7198189694750838022,10.117,0
VIDEO_7312076882822909217,20.344,0
VIDEO_7568382003330993430,54.729,4
VIDEO_7340916267571858721,59.736,8
VIDEO_7361799258107841825,41.31,9
VIDEO_7201579247616494853,21.445,0
VIDEO_7218493650160897306,1.85,0
VIDEO_7213655175318211845,11.984,0
VIDEO_7197445468585037062,8.405,0
VIDEO_7233472157588753691,34.677,5
VIDEO_7275592243086478624,5.027,0
VIDEO_7350954462992682272,17.29,0
VIDEO_7211932492914298118,27.841,1
VIDEO_7287986771483282720,12.904,0
VIDEO_7304665669872782625,17.105,0
VIDEO_7179688144382512390,49.423,8
VIDEO_7184090635018784005,6.167,0
VIDEO_7227138868447923482,32.611,6
VIDEO_7569206708090850582,24.879,2
VIDEO_7235651777805290778,39.877,3
VIDEO_7323108113698147616,17.291,0
VIDEO_7596993704146046230,14.599,0
VIDEO_7441626192760884513,49.99,5
VIDEO_7183009043407965445,12.403,0
VIDEO_7302041138670619936,30.399,4
VIDEO_7473095088948759830,14.804,1
VIDEO_7289368885390806304,32.99,5
VIDEO_7391756601100651809,9.514,0
VIDEO_7456310839121874198,7.735,0
VIDEO_7270111755886415137,0.631,0
VIDEO_7553554500972367107,12.834,0
VIDEO_7589754729350155542,38.969,7
VIDEO_7546473791115791638,9.341,0
VIDEO_7181547992061676805,15.222,1
VIDEO_7088619536202648837,33.494,6
VIDEO_7474625701350509846,27.565,3
VIDEO_7433817907278269729,34.596,2
VIDEO_7104552926231743749,34.45,5
VIDEO_7270778269899722016,19.924,1
VIDEO_7299732621825690912,8.504,0
VIDEO_7198831282984324358,14.723,0
VIDEO_7379193504355978528,28.224,3
VIDEO_7196711667420384517,9.779,0
VIDEO_7289785625367153952,24.584,2
VIDEO_7220765448000900357,3.53,0
VIDEO_7116439198285958405,30.42,3
VIDEO_7212710657672678661,98.235,7
VIDEO_7311663059695570208,13.77,0
VIDEO_7231978849448381722,27.175,3
VIDEO_7354009165796216097,35.791,4
VIDEO_7387308322162052385,11.431,0
VIDEO_7471251146288418070,53.612,9
VIDEO_7294901504752782625,5.043,0
VIDEO_7223080468101483781,44.186,3
VIDEO_7297529063785123104,9.356,0
VIDEO_7041273346830454022,13.63,1
VIDEO_7577768828214512918,24.894,0
VIDEO_7237120496020573467,14.898,0
VIDEO_6969101040918465798,9.999,0
VIDEO_7288326750243704096,17.671,0
VIDEO_7303174310259166497,29.12,3
VIDEO_7306585450305555745,47.304,9
VIDEO_7211130311667715334,28.527,2
VIDEO_7369613653626113313,21.566,0
VIDEO_7429720640111791392,37.098,6
VIDEO_7466117788898315552,32.856,6
VIDEO_7218219061707033882,6.829,0
VIDEO_7200056336321613062,3.971,0
VIDEO_7317307650499251488,25.486,3
VIDEO_7360309213765045536,35.094,7
VIDEO_7180437054843538693,13.548,1
VIDEO_7374072615356353825,19.635,2
VIDEO_7231163731080711450,18.452,1
VIDEO_7332835826579164449,75.3,7
VIDEO_7220074643086904581,6.002,0
VIDEO_7228647012009282842,21.521,0
VIDEO_7330883086684622112,3.091,0
VIDEO_7480851478555659543,9.492,0
VIDEO_7587308013363449121,17.538,0
VIDEO_7277939332831251744,31.622,6
VIDEO_7040300833019415813,22.551,0
VIDEO_7574767270392532246,23.963,3
VIDEO_7255302948413099290,20.631,0
VIDEO_7207350500419702022,14.023,0
VIDEO_7262001980095106337,8.785,0
VIDEO_7441997259060825377,55.209,9
VIDEO_7309427596553489696,10.563,0
VIDEO_7257181704241024282,22.514,3
VIDEO_7428251635102534945,35.398,6
VIDEO_7319074307202616609,7.464,0
VIDEO_6956567938891599109,22.105,0
VIDEO_7279032970286009632,18.063,2
VIDEO_7111254884971744518,15.579,0
VIDEO_7293176268361665824,10.071,1
VIDEO_7537707440142454038,20.865,2
VIDEO_7248301740670323995,6.166,1
VIDEO_7303586993965960480,37.554,8
VIDEO_7285256841158790433,30.626,4
VIDEO_7281279828307856673,13.941,0
VIDEO_7368427984539127073,37.81,2
VIDEO_7286488221893020960,7.127,0
VIDEO_7112440653350571269,43.438,6
VIDEO_7423773390932135201,18.792,1
VIDEO_7300846195444927776,12.951,0
VIDEO_7177655896699325702,6.757,0
VIDEO_7238235896724704538,23.052,0
VIDEO_7103816728982916357,7.492,0
VIDEO_7192298503878577413,16.584,1
VIDEO_7456840693982465312,35.219,3
VIDEO_7227881339125583131,11.642,0
VIDEO_7195937456271691014,24.807,1
VIDEO_7331811695360363809,21.69,0
VIDEO_7403329560554523936,24.925,2
VIDEO_7236043111128894747,28.417,3
VIDEO_7245708272181759258,32.799,5
VIDEO_7262720109133794592,29.377,3
VIDEO_7221875155184733445,6.199,0
VIDEO_7202313398300724485,6.253,0
VIDEO_7334381637586652448,1.592,0
VIDEO_7036035511869246725,13.559,1
VIDEO_7283524894585883936,21.376,0
VIDEO_7236382869650689306,4.766,0
VIDEO_7320909330314775840,5.919,0
VIDEO_7361030582446378272,23.054,0
VIDEO_7434931188642352417,12.718,1
VIDEO_7457582868370296096,36.105,4
VIDEO_7253425216984976667,10.867,0
VIDEO_7392856168214957345,9.714,0
VIDEO_7469703437299551510,44.095,5
VIDEO_7355765566625402144,20.046,2
VIDEO_7376630682824576289,16.052,3
VIDEO_7296115605927644449,12.563,0
VIDEO_7234190958772882715,13.089,2
VIDEO_7068640088774741254,11.419,0
VIDEO_7252685251112176922,10.528,1
VIDEO_7362544046675447073,39.639,3
VIDEO_7318707614332849441,20.257,1
VIDEO_7476404323317222658,17.571,0
VIDEO_7458325240628661537,64.109,8
VIDEO_7386194546062839073,4.259,0
VIDEO_7369936386000031009,40.147,5
VIDEO_7290457107726339360,7.771,0
VIDEO_7233097610821700890,14.117,0
VIDEO_7078227199463066886,12.911,0
VIDEO_7324696131143847201,22.945,2
VIDEO_7553924193562266902,39.226,8
VIDEO_7137227107456879877,10.732,0
VIDEO_7291300657355689249,18.27,0
VIDEO_7348717316856712480,26.88,1
VIDEO_7300495910595808545,17.945,0
VIDEO_7226043488738069787,11.405,0
VIDEO_7264958192017362208,22.431,2
VIDEO_7224934115089370395,9.099,0
VIDEO_7276041559500475680,19.924,1
VIDEO_7013121880366255365,20.158,0
VIDEO_7436650165861141792,33.179,8
VIDEO_7241209133540609307,16.51,0
VIDEO_7263464155540147489,24.163,2
VIDEO_7583720650200730902,22.136,1
VIDEO_7382166710029208865,2.185,0
VIDEO_7187830945658031365,20.527,1
VIDEO_7412540786975231264,2.527,0
VIDEO_7246768104922008858,14.56,0
VIDEO_7353535610641976609,24.813,0
VIDEO_7358723892992642336,3.878,0
VIDEO_7302346370701118752,26.338,0
VIDEO_7203048812351327494,6.174,0
VIDEO_7294149539781463328,4.267,0
VIDEO_7191848035784117510,34.352,4
VIDEO_7129505006046170373,31.609,1
VIDEO_7311263969220644129,11.887,0
VIDEO_7454985264952266016,41.687,5
VIDEO_7269759073967525153,19.498,0
VIDEO_7357646734354304289,38.28,4
VIDEO_7236760874646637851,23.163,2
VIDEO_7280571511138782496,42.929,7
VIDEO_7329423244992236832,20.093,0
VIDEO_7259047429796908315,49.157,8
VIDEO_7381115594076146977,14.672,0
VIDEO_7244550731141844251,22.915,0
VIDEO_7228975701066550554,2.486,0
VIDEO_7280108212878200096,8.783,0
VIDEO_7593041331174362390,0.519,0
VIDEO_7566297785914412310,14.028,0
VIDEO_7215124561799449861,7.587,0
VIDEO_7322488817968041249,37.348,7
VIDEO_7262342975752113441,10.379,0
VIDEO_7463520186876939552,27.405,3
VIDEO_7258676118033599771,25.912,0
VIDEO_7297134358689860896,12.25,0
VIDEO_7545446733921209622,22.677,1
VIDEO_7239735340737498395,11.084,0
VIDEO_7135716231218318597,4.363,0
VIDEO_7407736509996043553,15.774,0
VIDEO_7277097435090930977,8.699,0
VIDEO_7203810617180933382,13.142,0
VIDEO_7354275810578140449,5.771,0
VIDEO_7452758752337399073,19.943,1
VIDEO_7414443436134223137,19.002,1
VIDEO_7209925340557348101,30.276,5
VIDEO_7080140185001938181,4.459,0
VIDEO_7350207537771220256,24.774,1
VIDEO_7356509644170333473,10.033,0
VIDEO_7343256943923858720,52.466,8
VIDEO_7077571361660521733,7.694,0
VIDEO_7225632323146943771,28.588,4
VIDEO_7302809103150206241,33.389,6
VIDEO_7346110636008475937,23.471,2
VIDEO_7044841251262237958,30.753,5
VIDEO_7325097832015203617,2.012,0
VIDEO_7222319662787202310,7.773,0
VIDEO_7225296808900152603,24.75,4
VIDEO_7230327665918512411,51.246,8
VIDEO_7341290377858567456,13.361,0
VIDEO_7485301680930688278,58.14,8
VIDEO_7178804187403259142,4.132,0
VIDEO_7323972466445946145,19.502,0
VIDEO_7205658829403458821,22.4,2
VIDEO_7335091592077856032,16.479,0
VIDEO_7437536576072125728,58.08,9
VIDEO_7213053350290459910,64.459,8
VIDEO_7348379737519082784,40.016,4
VIDEO_7316470398261021985,26.085,1
VIDEO_7095721528142155014,16.097,1
VIDEO_7133481707449142533,10.986,1
VIDEO_7271545826923531552,31.82,5
VIDEO_7100934148864494854,28.497,3
VIDEO_7603273994216738070,88.074,7
VIDEO_7320159598290226464,25.677,0
VIDEO_7374412100833250593,10.533,1
VIDEO_7204907848449527045,17.073,0
VIDEO_7365841944318086432,13.486,0
VIDEO_7298264093100674336,0.968,0
VIDEO_7563724139240885526,17.996,2
VIDEO_7242348894435167514,32.192,7
VIDEO_7467231080735690017,7.795,1
VIDEO_7101649191662882053,17.366,0
VIDEO_7221552853356236037,8.762,0
VIDEO_7193034087660031237,7.996,0
VIDEO_7237511650532773146,10.348,0
VIDEO_7283139399582240032,12.863,0
VIDEO_7250555651993160987,26.116,0
VIDEO_7379227737271094561,8.669,0
VIDEO_7378467106636991777,13.152,0
VIDEO_7285720218360368417,18.618,1
VIDEO_7431962598909791521,35.182,2
VIDEO_7305093445926915361,33.594,6
VIDEO_7323612868484631840,9.49,0
VIDEO_7127182082568113413,29.66,4
VIDEO_7208539932422425861,35.769,6
VIDEO_7219686321739123974,9.909,0
VIDEO_7214767845383900421,9.024,0
VIDEO_7365161137324805408,25.817,0
VIDEO_7350708094302735649,57.702,7
VIDEO_7331415350828911904,23.311,2
VIDEO_7281651537124871456,16.863,1
VIDEO_7191012677869702405,21.071,0
VIDEO_7256066819247623450,13.876,0
VIDEO_7257040734174465307,6.066,0
VIDEO_7274647533002034465,32.701,5
VIDEO_7604808799404264726,7.525,0
VIDEO_7184844462525287685,6.416,0
VIDEO_7399196283501628705,16.599,0
VIDEO_7226428593075752218,28.244,4
VIDEO_7237872414581935386,10.857,0
VIDEO_7128322715894729989,25.813,2
VIDEO_7431168865142328608,27.189,1
VIDEO_7113851055355596038,22.272,0
VIDEO_7309856299632676129,11.973,0
VIDEO_7211431817205878021,10.925,0
VIDEO_7440465091817999649,5.311,0
VIDEO_7208839545989762309,35.317,7
VIDEO_7229342870518385946,40.176,8
VIDEO_7308758430318071072,25.0,5
VIDEO_7140150980246719750,17.119,0
VIDEO_7249004039688572186,28.79,3
VIDEO_7367273018181160224,31.44,5
VIDEO_7444595106025442593,47.398,5
VIDEO_7227547227005209882,36.195,5
VIDEO_7301229129314159904,13.011,0
VIDEO_7130906655885102341,36.318,6
VIDEO_7234782434531839258,25.454,3
VIDEO_7338052242651598112,27.019,3
VIDEO_7390632928780340512,4.947,0
VIDEO_7238653863794887962,6.562,0
VIDEO_7130612533437762821,3.754,0
VIDEO_7371791896622173473,30.987,6
VIDEO_7242719682128530714,26.06,3
VIDEO_7254561581449612571,22.156,0
VIDEO_7572922723836431638,16.926,0
VIDEO_7259455690996075803,23.359,1
VIDEO_7210434710646836485,34.714,7
VIDEO_7292048482456587553,17.803,2
VIDEO_7250141865645788443,55.548,9
VIDEO_7309091598472727840,49.561,9
VIDEO_7345543122400726305,51.171,8
VIDEO_7213453348270378246,31.17,5
VIDEO_7319513643534568736,16.572,0
VIDEO_7556661292233379075,18.794,1
VIDEO_7188587993752702213,11.061,0
VIDEO_7478288153153916182,32.878,5
VIDEO_7284876929713442080,26.26,0
VIDEO_7326123173311728929,37.295,5
VIDEO_7344270149593091361,57.372,9
VIDEO_7401388090830359841,33.42,4
VIDEO_7425965869924142369,27.453,5
VIDEO_7325724813115346208,41.682,8
VIDEO_7316159323728661792,40.513,6
VIDEO_7324283735749266721,31.277,5
VIDEO_7143162692004482310,20.042,0
VIDEO_7442349120498519329,27.566,2
VIDEO_7468715378743528736,35.858,4
VIDEO_7465375886779403552,44.637,5
VIDEO_7059301793574046982,6.875,0
VIDEO_7235266120414924058,44.94,7
VIDEO_7375160946618076449,32.826,5
VIDEO_7264173669612670240,61.78,9
VIDEO_7372534191776386336,58.23,4
VIDEO_7452387800818666785,32.773,3
VIDEO_7351779832969104673,21.259,1
VIDEO_7304376408191683872,35.733,6
VIDEO_7410298388022824225,3.651,0
VIDEO_7218857185764216069,10.558,1
VIDEO_7271935381937884448,35.74,3
VIDEO_7226734943869750555,11.805,0
VIDEO_7436403924350864672,15.359,0
VIDEO_7328709134126206241,46.494,6
VIDEO_7079814734664436998,16.932,1
VIDEO_7282663509505133856,28.733,3
VIDEO_7226766521719213338,18.53,0
VIDEO_7352233957276044577,39.008,8
VIDEO_7546523294489414934,41.89,7
VIDEO_7363657122795490593,7.186,0
VIDEO_6800982671657880837,24.233,2
VIDEO_7343975400122354977,2.254,0
VIDEO_7520640970199698710,0.036,0
VIDEO_7272755309658098976,15.398,0
VIDEO_7162183685423385862,6.092,0
VIDEO_6940653001791130885,26.146,3
VIDEO_7107270367303044358,25.328,3
VIDEO_7101685930276293894,27.125,1
VIDEO_7416286728513735968,18.322,0
VIDEO_7164792237543394566,35.444,4
VIDEO_7023313220278553862,22.06,0
VIDEO_6847902541095668997,39.172,7
VIDEO_6891645296233794817,23.005,1
VIDEO_6874890977631390978,22.945,0
VIDEO_7114705253899029765,33.678,3
VIDEO_7177404002508803334,23.685,0
VIDEO_6904609211431357698,35.067,1
VIDEO_7462655968522931478,22.301,0
VIDEO_7166637213604678917,21.942,2
VIDEO_7424512450856357153,12.043,0
VIDEO_7470850262840691990,7.776,0
VIDEO_6923969706332327174,11.817,0
VIDEO_7153997940774882565,9.417,0
VIDEO_6958797242429934854,20.257,0
VIDEO_7298756408994991393,14.388,1
VIDEO_7566270741134462230,34.31,8
VIDEO_6896446483080482050,42.095,7
VIDEO_7185555102487416070,42.247,6
VIDEO_7504292781637127446,33.905,3
VIDEO_7496799936558796054,25.958,1
VIDEO_7224139299594194203,8.802,0
VIDEO_6893888228848389377,20.426,3
VIDEO_7478712216724802838,40.442,9
VIDEO_7156608613346184454,8.864,0
VIDEO_7590718903144287510,24.493,2
VIDEO_7487960173529582870,54.245,8
VIDEO_7307595143559859488,29.398,3
VIDEO_7536170254989315350,45.848,8
VIDEO_7289470545270279456,23.76,0
VIDEO_7322847358646078752,29.286,3
VIDEO_7208566584535764250,29.492,5
VIDEO_7138043316087606533,10.286,0
VIDEO_7569927329154190614,5.644,0
VIDEO_7143619564775968006,15.364,0
VIDEO_7311689753676533024,23.322,1
VIDEO_6980342168535846149,26.661,1
VIDEO_7071272731286834437,11.826,0
VIDEO_6802558843114114310,20.562,0
VIDEO_7348097820320173344,18.635,0
VIDEO_6876362124260691202,38.48,8
VIDEO_7067569943449046278,22.646,3
VIDEO_7286486663910542625,16.792,0
VIDEO_6883561429727726850,15.366,0
VIDEO_6852640471013920006,28.078,3
VIDEO_7374727208394411297,20.807,2
VIDEO_7019559155425955077,30.87,4
VIDEO_7442737337525669142,13.533,0
VIDEO_7063121025394855173,27.89,1
VIDEO_7096121724990655749,36.27,8
VIDEO_7571821778746592534,13.649,1
VIDEO_7093894381794512133,42.98,8
VIDEO_6855731886438763781,13.704,0
VIDEO_6936943102523378950,16.031,0
VIDEO_6927911225066130693,13.883,0
VIDEO_7361057454454508833,4.663,0
VIDEO_7568823330518748438,39.302,10
VIDEO_7038638363686997254,14.334,0
VIDEO_7057200753470950661,3.021,0
VIDEO_7602656035161050390,16.871,0
VIDEO_7204395621468392709,23.93,2
VIDEO_7335847049495203104,25.597,2
VIDEO_7068298283386506502,17.169,0
VIDEO_7043009038623329541,12.019,0
VIDEO_7205976379370851589,44.524,8
VIDEO_7095777172513721605,16.916,2
VIDEO_7206342637316607237,13.493,0
VIDEO_7190456972418862342,11.771,0
VIDEO_7377811070636920096,43.778,8
VIDEO_7577374333048196374,2.649,0
VIDEO_7040105390410960133,30.076,5
VIDEO_7421927684965502240,31.956,3
VIDEO_7051571825989422342,22.362,2
VIDEO_7290947930108857633,21.343,1
VIDEO_7493248933460741378,15.832,0
VIDEO_7480938335133863190,1.605,0
VIDEO_7451599218545970454,6.898,0
VIDEO_7018383080205356293,7.434,0
VIDEO_7049689395460312326,17.535,1
VIDEO_7145110811000835333,28.086,3
VIDEO_7575170897451945238,27.565,2
VIDEO_6793765694619143430,46.925,8
VIDEO_7223430604547837210,28.801,3
VIDEO_7459503727737687318,39.812,6
VIDEO_7187436390131453190,39.698,6
VIDEO_7291678102948810016,9.848,0
VIDEO_7239729661788359962,15.838,0
VIDEO_7080915608727997701,22.179,2
VIDEO_7593403675297467651,11.936,0
VIDEO_7207842110316268805,4.016,0
VIDEO_7068682786437139718,25.362,4
VIDEO_7162123924233358598,10.85,0
VIDEO_7194484239583284486,33.78,6
VIDEO_7165165100075093253,18.712,0
VIDEO_7564712687565802774,23.772,1
VIDEO_7039780337739730181,5.339,0
VIDEO_7593727684606168342,4.799,0
VIDEO_7025927416061250821,26.378,1
VIDEO_7461615118414073110,11.584,0
VIDEO_7294659855434911008,28.995,4
VIDEO_7493955664008498454,9.458,0
VIDEO_7042347189179403525,14.504,2
VIDEO_7221177538855423258,52.557,8
VIDEO_7210074063765638406,13.623,0
VIDEO_7181124364987895046,4.97,0
VIDEO_7293173989143366945,7.869,0
VIDEO_7575105754374458646,21.395,0
VIDEO_7280925746183408928,58.501,7
VIDEO_7293541624359996704,31.061,6
VIDEO_7296889866002910497,45.353,7
VIDEO_7305435593499086112,23.955,0
VIDEO_7170730138965970181,23.995,1
VIDEO_7583420207629225238,10.937,0
VIDEO_7606360801234013462,17.46,0
VIDEO_7301350531325365537,19.153,0
VIDEO_7593661214027156758,17.533,1
VIDEO_7582921759985356054,24.505,1
VIDEO_7203763760538897669,18.865,0
VIDEO_7264884699636469025,26.989,2
VIDEO_7482898265906646294,22.559,2
VIDEO_7168935772777614597,69.466,8
VIDEO_7418230327207939360,21.847,0
VIDEO_7577088828171734294,30.578,5
VIDEO_7046370407758286085,1.917,0
VIDEO_7580065942730738966,31.821,8
VIDEO_7122480993948159238,42.087,8
VIDEO_7421838132624002336,31.681,4
VIDEO_7442235405757336864,41.306,6
VIDEO_6935817751898426629,37.816,7
VIDEO_7324741085438397729,19.163,0
VIDEO_7192617192850984198,24.296,0
VIDEO_7074987594026700038,55.776,6
VIDEO_7182978974253944069,9.174,0
VIDEO_7581205344420924694,51.449,8
VIDEO_7340684346040290593,8.629,0
VIDEO_7287983702959869217,21.961,3
VIDEO_7069799098576112901,0.706,0
VIDEO_7141029212244233478,41.511,8
VIDEO_7202277032938540294,23.265,0
VIDEO_7041969079246245126,41.891,9
VIDEO_7587070120556580118,20.711,1
VIDEO_7487328540497628438,33.706,4
VIDEO_7594911702613773590,26.753,2
VIDEO_7188189006851575046,1.616,0
VIDEO_7075734573933530373,44.563,7
VIDEO_7577096797580053782,17.74,1
VIDEO_6795606002222796037,11.139,0
VIDEO_7073511726888635653,22.826,1
VIDEO_7001054542804667653,41.527,9
VIDEO_7215252214514715909,11.338,0
VIDEO_7078325137698770181,20.213,0
VIDEO_7037532518978964741,20.884,0
VIDEO_7484305196332436758,9.642,0
VIDEO_7203019203857665286,0.175,0
VIDEO_6792133610360065285,25.033,1
VIDEO_7581507576219618582,12.258,0
VIDEO_7571134268403895574,22.841,1
VIDEO_7494193739187916054,23.632,2
VIDEO_7454233566264855831,26.31,1
VIDEO_7592263862284586263,17.524,0
VIDEO_7403421764769926432,25.496,3
VIDEO_7061974363939261701,12.856,0
VIDEO_7565953021411216662,14.795,0
VIDEO_7194859372227480838,26.787,2
VIDEO_7204874673367125254,34.709,6
VIDEO_7050500563045338374,22.625,5
VIDEO_7026756047805205766,40.685,3
VIDEO_7587134900852100374,2.08,0
VIDEO_7579578853308337430,42.108,5
VIDEO_7173695147639655686,34.841,5
VIDEO_7458336545490193686,29.952,1
VIDEO_7183477138249485594,11.352,0
VIDEO_7054582233989958917,11.721,0
VIDEO_7062740749992971526,24.231,2
VIDEO_7602968538319539478,23.785,1
VIDEO_6943540424141491461,5.133,0
VIDEO_7335861253551787297,39.629,4
VIDEO_7302473271067397409,37.118,5
VIDEO_7294284376454532384,15.626,1
VIDEO_7584105481719844118,13.569,0
VIDEO_7574759080368114966,18.528,1
VIDEO_7028978217117682949,15.428,2
VIDEO_7345515480288922912,13.706,0
VIDEO_7184459390143974662,24.028,0
VIDEO_7197824225988726021,36.652,8
VIDEO_7177417414542429445,39.509,6
VIDEO_7208952610336820485,45.409,7
VIDEO_7167386112040684805,11.526,0
VIDEO_7304326742255209761,18.525,2
VIDEO_7055610539749199109,26.963,1
VIDEO_7288720379772800288,1.074,0
VIDEO_7041603482742230278,30.216,4
VIDEO_7286863155026808096,37.966,8
VIDEO_7579287270092459286,1.059,0
VIDEO_7172507378498260229,24.101,3
VIDEO_7065713702833638662,21.901,3
VIDEO_7165908407793372422,57.21,8
VIDEO_7090931568486763781,14.263,1
VIDEO_7125076892729756933,31.774,5
VIDEO_7322502255616314656,27.555,3
VIDEO_7485818484723567894,32.713,2
VIDEO_7566313596351778070,69.037,9
VIDEO_7058313871718714629,16.125,0
VIDEO_7300112308179701025,40.075,3
VIDEO_7603412461068291350,22.306,0
VIDEO_7476157177149803798,41.17,7
VIDEO_7312851563037330721,25.424,1
VIDEO_7063127157068844294,24.753,0
VIDEO_7178897418107358469,40.205,5
VIDEO_7296154996683410720,47.552,7
VIDEO_7158468268074749189,0.204,0
VIDEO_7216365794093976838,50.353,8
VIDEO_7043834307458141446,12.5,0
VIDEO_7345144791094660384,5.824,0
VIDEO_7319902152686718241,37.629,6
VIDEO_7054222416247000325,15.621,0
VIDEO_7564069366606679318,5.82,0
VIDEO_7018826174767942918,4.51,0
VIDEO_7198558888940113158,21.065,1
VIDEO_7037974894553894150,11.909,0
VIDEO_7329560864518901024,15.337,1
VIDEO_7169238545779952902,32.706,7
VIDEO_7566941841996647702,39.109,7
VIDEO_7198194674354457861,20.751,1
VIDEO_7082286078417259782,20.306,0
VIDEO_6927665892457237765,28.685,2
VIDEO_7083155569812589829,5.594,0
VIDEO_6796364077095472389,28.295,4
VIDEO_7059302103713402117,13.632,0
VIDEO_7150676745937587462,20.847,0
VIDEO_7180392341839105286,14.988,0
VIDEO_7480244111207976214,7.962,0
VIDEO_7057548200625917190,32.967,7
VIDEO_7199677935949778181,34.962,4
VIDEO_7142874586755976454,22.828,0
VIDEO_6792131260543225094,18.237,0
VIDEO_7262465807949647136,6.768,0
VIDEO_7278768931857354016,14.025,2
VIDEO_7327333280297127201,26.611,1
VIDEO_7093581650163944709,12.972,0
VIDEO_7429021024517229857,18.942,1
VIDEO_6796363351816555782,3.677,0
VIDEO_7298393830204640545,16.885,0
VIDEO_7073146702995279110,17.358,1
VIDEO_6793347939294072069,21.067,0
VIDEO_7076526059344104709,20.489,0
VIDEO_7463500754318347542,16.934,1
VIDEO_7228976565445512475,44.806,6
VIDEO_7037757089799818502,37.753,2
VIDEO_7348413567797841185,22.847,1
VIDEO_6797039273053850886,25.862,2
VIDEO_7020800251950927109,3.363,0
VIDEO_7210817231368785158,27.543,4
VIDEO_7094187420819803398,19.262,0
VIDEO_7312484712440745249,12.956,1
VIDEO_6794470373212589317,15.277,0
VIDEO_7571893908754451734,32.392,6
VIDEO_6937251547290045701,15.78,0
VIDEO_7289092371030002977,34.434,7
VIDEO_7338070752501026081,6.284,0
VIDEO_7036807584111709445,38.857,6
VIDEO_7590184087122660630,8.685,1
VIDEO_7572605667299708182,23.208,0
VIDEO_7197080264625966341,51.905,8
VIDEO_7483220883759303959,35.579,3
VIDEO_7381446389819018529,9.878,0
VIDEO_7592281951206133014,10.629,0
VIDEO_7342536344561896737,42.84,8
VIDEO_7500939642972212502,20.107,0
VIDEO_7587702184708558102,27.557,2
VIDEO_7063459529668742406,25.784,4
VIDEO_7542515768215211286,16.921,1
VIDEO_7261562285791956251,14.335,0
VIDEO_7567318876392901910,8.31,0
VIDEO_7326887540705873185,17.8,1
VIDEO_6980260193653378309,26.828,0
VIDEO_7382840415893998880,37.643,7
VIDEO_7169948893805825285,7.317,0
VIDEO_7464875419959921952,8.234,0
VIDEO_6921227616347327749,5.588,0
VIDEO_6919824999914245381,15.798,0
VIDEO_7447835163444235552,9.409,0
VIDEO_7512478582627732758,26.17,0
VIDEO_7477287305078934786,21.562,0
VIDEO_7014030961486630149,10.401,0
VIDEO_7321969929564065057,8.793,0
VIDEO_7334752917439712545,24.004,0
VIDEO_7336662438282120481,23.396,1
VIDEO_7459384907962305825,11.441,0
VIDEO_7314335987033738528,18.555,0
VIDEO_7337328365147295009,40.839,9
VIDEO_7518400955877199127,15.439,0
VIDEO_7479068329584364823,22.702,0
VIDEO_7393953054967581985,22.796,0
VIDEO_7314256868556213537,10.434,0
VIDEO_6959192993014287622,32.617,3
VIDEO_7075788593930816773,6.848,0
VIDEO_7446787674863684886,10.024,0
VIDEO_7306457226254781729,15.987,0
VIDEO_7335020484637068576,12.94,0
VIDEO_7327632037437820193,3.776,0
VIDEO_7516934430083091734,45.625,8
VIDEO_7473874393719000342,12.754,0
VIDEO_7462724279965125920,11.006,0
VIDEO_7514333529551949078,28.801,2
VIDEO_7508723396641852694,49.425,8
VIDEO_7572210750937107734,55.202,6
VIDEO_7261499359819336986,7.699,0
VIDEO_7465291116045208865,27.87,3
VIDEO_7506824474902433026,39.74,8
VIDEO_7145813168818900229,36.543,8
VIDEO_7402923905754746145,44.69,7
VIDEO_7261564389075995930,14.84,0
VIDEO_7572235624627899670,43.753,7
VIDEO_7296501143700606241,13.689,0
VIDEO_7064489288125189382,2.645,0
VIDEO_7385258008760028448,38.996,8
VIDEO_7055714634526969093,12.009,0
VIDEO_7401059521860209952,29.76,2
VIDEO_7052727837165505797,26.542,2
VIDEO_7582501864428604694,6.107,0
VIDEO_7466084820825787680,23.505,1
VIDEO_7308389510113512737,20.077,1
VIDEO_7297157611294706976,5.082,0
VIDEO_7348433044216253729,8.66,0
VIDEO_7322495223089712416,36.341,7
VIDEO_7062023531764256006,29.66,1
VIDEO_7332156358902500640,9.858,0
VIDEO_7572210786991344918,50.611,4
VIDEO_7591860205567151382,14.47,0
VIDEO_7163303756447223045,7.538,0
VIDEO_7439254923365059873,9.595,0
VIDEO_7572223162520177942,28.574,4
VIDEO_7388136382436281633,24.774,1
VIDEO_7486043762590895382,11.821,0
VIDEO_7073157554024566021,5.677,0
VIDEO_7587833111010954518,24.3,1
VIDEO_7067217215925275910,31.052,4
VIDEO_7199586123952311557,21.572,2
VIDEO_7162174902865251589,22.215,0
VIDEO_7392879054988397856,38.078,7
VIDEO_7340682108735671584,22.346,2
VIDEO_7211565992852475141,27.219,1
VIDEO_7523190975850679554,28.677,2
VIDEO_7196211164093631749,11.012,0
VIDEO_7415546238927523104,36.093,9
VIDEO_7549175046128831766,17.895,0
VIDEO_7073510812542913798,16.007,0
VIDEO_7342403362714914080,24.24,0
VIDEO_6972416280762649861,47.998,8
VIDEO_7323194315415588129,24.996,0
VIDEO_7069326966159084806,12.603,0
VIDEO_7070550742880292101,17.521,0
VIDEO_7334339873127632161,1.127,0
VIDEO_7345850735894072609,6.72,0
VIDEO_7229679892399426842,21.049,0
VIDEO_7483888039303843094,13.645,0
VIDEO_7556260834817723670,5.496,0
VIDEO_7475273206497086742,30.63,2
VIDEO_7071521897082621189,21.67,1
VIDEO_7193338808870456582,12.365,0
VIDEO_7444192177149742358,3.707,0
VIDEO_7400010201476123937,18.637,0
VIDEO_7054948838716493061,12.901,0
VIDEO_7077597820538146053,18.063,0
VIDEO_7553663983383858454,26.371,2
VIDEO_7538076349500689666,26.565,1
VIDEO_7546552028168719638,23.822,0
VIDEO_7554403190200945942,8.936,0
VIDEO_7476738167522053398,0.461,0
VIDEO_7342531903209114913,25.048,0
VIDEO_7590299923803884803,5.277,0
VIDEO_7579238923172547842,21.531,0
VIDEO_7079069070078889221,24.578,1
VIDEO_7515834191922072854,22.548,0
VIDEO_7084890005491010821,16.827,0
VIDEO_7130620750842678533,7.429,0
VIDEO_7444957131670949142,23.139,4
VIDEO_7529912051498552598,54.459,8
VIDEO_7457889721201577248,14.107,0
VIDEO_7528398053666016534,24.765,0
VIDEO_7426709076924484897,28.472,0
VIDEO_7045558641969073414,22.201,0
VIDEO_7316431760194096416,44.507,5
VIDEO_7357327030335114528,46.727,9
VIDEO_7318769443222359329,19.125,0
VIDEO_7087822626005060870,33.378,6
VIDEO_7491219464474856727,11.621,0
VIDEO_7277906809787059489,24.878,0
VIDEO_6978753193882832133,31.899,6
VIDEO_7550653411583102230,20.129,0
VIDEO_7447515391426825504,47.021,7
VIDEO_7076423248698690822,38.689,5
VIDEO_7393260705048268065,0.366,0
VIDEO_7354375095868984608,17.448,0
VIDEO_7429721456851864864,45.6,7
VIDEO_7391769807764458784,36.187,7
VIDEO_7312547480120380705,3.658,0
VIDEO_7431201197672975648,5.603,0
VIDEO_7538370537211432214,13.164,0
VIDEO_7565230748026899734,20.79,0
VIDEO_7146479472022277381,12.428,0
VIDEO_7350265065762819360,11.15,0
VIDEO_7336480513269583136,20.575,0
VIDEO_7329087770905840928,5.457,0
VIDEO_7304693853758491936,37.787,9
VIDEO_7039259712038112518,18.926,1
VIDEO_7396708038398266656,17.381,0
VIDEO_7461582150937169174,18.734,0
VIDEO_7309783088618409248,2.741,0
VIDEO_7543616748017241366,32.597,6
VIDEO_7195225752541875462,9.105,0
VIDEO_7345753568462261537,24.232,0
VIDEO_7338875309913017633,12.138,0
VIDEO_7088705916027063557,12.806,0
VIDEO_7338699162768149792,22.579,0
VIDEO_7333604507793853728,4.838,0
VIDEO_7335348681832418593,11.725,0
VIDEO_7514700901009886486,14.492,0
VIDEO_7163552631053503749,13.062,0
VIDEO_7437476740533865761,13.466,0
VIDEO_7081140277083213062,28.765,4
VIDEO_7344271684406349088,15.579,0
VIDEO_7057560274424958214,3.602,0
VIDEO_7336193209883839776,7.689,0
VIDEO_7394757283214806305,31.087,5
VIDEO_7182218891702127877,33.1,8
VIDEO_6994481888182144262,20.337,0
VIDEO_7332775399883033888,3.859,0
VIDEO_6963197595422346502,51.592,7
VIDEO_7075005822228499717,37.568,3
VIDEO_7310606511775026464,7.961,0
VIDEO_7192237337412177157,16.068,0
VIDEO_7338384626773216545,22.288,0
VIDEO_7059414649581604102,11.74,0
VIDEO_7580401530428394775,20.442,0
VIDEO_7317653042533305633,16.312,1
VIDEO_7425904564697632032,8.894,0
VIDEO_6982843678305897734,51.62,8
VIDEO_7369943098031443233,2.502,0
VIDEO_7001083090462346501,20.108,0
VIDEO_7178872221375548677,21.238,0
VIDEO_7019307301299424518,37.108,5
VIDEO_7158447069152300293,24.313,1
VIDEO_7535840388725378306,20.811,0
VIDEO_7053545705868152069,25.817,0
VIDEO_7164769032430767365,38.7,9
VIDEO_7061519229182315781,26.475,1
VIDEO_7173707401302920453,28.725,3
VIDEO_7383600515478736161,26.052,0
VIDEO_7558085942557347094,9.879,0
VIDEO_7467999174936644886,17.033,0
VIDEO_7060887870688529670,16.293,1
VIDEO_7345082142235413793,6.861,0
VIDEO_7215238321247751430,16.947,0
VIDEO_7179637090932509958,12.168,0
VIDEO_7202617948983315717,18.106,0
VIDEO_7155814731897376006,5.817,1
VIDEO_7569964600523853078,14.967,0
VIDEO_6952049416425590022,8.238,0
VIDEO_7168038506772679942,51.085,8
VIDEO_7555760932794764566,33.824,4
VIDEO_7231544878478445850,47.185,9
VIDEO_7338777101547490593,52.279,9
VIDEO_7319092525329829153,32.033,2
VIDEO_7355500880721939744,26.461,0
VIDEO_7324339550283664672,12.933,0
VIDEO_7586610643130764566,10.731,0
VIDEO_7038189746484563205,9.455,0
VIDEO_7302352085796916513,7.328,0
VIDEO_7317290713673190688,28.674,2
VIDEO_7547707789863406870,49.508,8
VIDEO_7597370054556011798,2.725,0
VIDEO_7322866542985710881,52.456,8
VIDEO_7467185543240109345,6.942,0
VIDEO_7517305745210232086,37.726,8
VIDEO_7483430893965626646,0.046,0
VIDEO_7331017914612567329,10.237,0
VIDEO_7055321327174946054,22.834,0
VIDEO_7337687297132973344,13.231,0
VIDEO_7156881114106170630,11.81,2
VIDEO_7478407463675481366,40.891,7
VIDEO_7549615777326877974,8.783,0
VIDEO_7318026666939256096,17.834,0
VIDEO_7396981634572078369,43.842,7
VIDEO_7518292077080268054,21.973,0
VIDEO_7474850979473640726,17.63,0
VIDEO_7447200750096223510,15.638,0
VIDEO_7459483581803482390,18.116,1
VIDEO_7487276696215817494,26.163,2
VIDEO_7440567441777757472,9.624,0
VIDEO_7148719596487363845,21.53,0
VIDEO_7467247804717550870,21.405,1
VIDEO_7169218120916208902,33.853,5
VIDEO_7446429495948594454,4.824,0
VIDEO_7472755159945252118,25.703,2
VIDEO_7189528219425590534,24.047,3
VIDEO_7156614323194875141,23.82,1
VIDEO_7502082897935928598,18.498,1
VIDEO_7490268698918309142,39.482,9
VIDEO_7505058159258504470,24.5,2
VIDEO_7446821670133845270,3.109,0
VIDEO_7141370905153850629,23.706,0
VIDEO_7141371845248437510,8.036,0
VIDEO_7500926454671232278,36.758,9
VIDEO_7226711933150432538,67.453,7
VIDEO_7443866656956255510,28.54,2
VIDEO_7439269165111725345,24.655,0
VIDEO_7508716246301510914,0.221,0
VIDEO_7192172787723783430,14.886,0
VIDEO_7418157210896698657,21.813,1
VIDEO_7524347836541046038,15.821,0
VIDEO_7532594185912847638,18.992,0
VIDEO_7557772009510358294,14.311,0
VIDEO_7252274964206832923,68.076,8
VIDEO_7486391346727537942,15.734,1
VIDEO_7506217095441435926,22.525,1
VIDEO_7253058884762537242,30.887,5
VIDEO_7564461685881179414,28.789,2
VIDEO_7444926040855661846,22.578,2
VIDEO_7479158367873748246,32.539,2
VIDEO_7526570162976328982,16.08,1
VIDEO_7447956995182759190,29.854,5
VIDEO_7239748390974704922,14.123,1
VIDEO_7442685576798604566,19.336,1
VIDEO_7506795063012232470,0.457,0
VIDEO_7457155091238259990,32.205,5
VIDEO_7455422115802565910,3.253,0
VIDEO_7504006062559776022,0.228,0
VIDEO_7448354400998853910,18.487,0
VIDEO_7474265267783208214,16.26,0
VIDEO_7250832194392886554,42.623,8
VIDEO_7269755991049260320,7.424,0
VIDEO_7421851827794152737,27.377,0
VIDEO_7436892906801073441,19.914,0
VIDEO_7495455289882184982,8.19,0
VIDEO_7245283945619655963,12.442,0
VIDEO_7441958558054337825,15.557,0
VIDEO_7171449726158589189,13.073,0
VIDEO_7439661735742557472,31.688,6
VIDEO_7450928915159190806,42.31,6
VIDEO_7202909898219326725,13.037,1
VIDEO_7143175958978186502,20.398,0
VIDEO_7556999098637880598,77.729,8
VIDEO_7495849453228657942,14.845,0
VIDEO_7555487310297533718,3.554,0
VIDEO_7605548189332016406,17.669,0
VIDEO_7093804812864670981,39.436,7
VIDEO_7535846854743821590,26.444,1
VIDEO_7565890573115165974,19.066,1
VIDEO_7551795663772798211,23.296,1
VIDEO_7581822570454879510,12.226,0
VIDEO_7395189160081935649,36.254,8
VIDEO_7336238126651706656,25.029,2
VIDEO_7489499424884821270,31.254,5
VIDEO_7436439641298865441,35.534,9
VIDEO_7568852433271590146,36.089,4
VIDEO_7480563839319264534,7.152,0
VIDEO_7124374690520419590,25.35,2
VIDEO_7557014347273276694,20.22,0
VIDEO_7567386738709073174,1.113,0
VIDEO_7480918194438278422,37.446,5
VIDEO_7190283346373610757,48.185,8
VIDEO_7563265888623840534,36.27,6
VIDEO_7290823677195603233,9.559,0
VIDEO_7587440240327937302,21.908,0
VIDEO_7535846685101149462,28.137,2
VIDEO_7535476048444558614,29.612,2
VIDEO_7184460864404229381,8.409,0
VIDEO_7471286673494527254,34.819,4
VIDEO_7128353863966444806,20.68,0
VIDEO_7528433357093358870,7.347,0
VIDEO_6955364241213771014,29.376,3
VIDEO_7447512835350859040,31.808,4
VIDEO_7510479503592901910,44.031,8
VIDEO_7522511822893616406,20.067,1
VIDEO_7603743614157458710,24.638,0
VIDEO_7557004748973559043,30.147,5
VIDEO_7468323433714126112,30.671,4
VIDEO_7329933240775527713,38.662,5
VIDEO_7468709057516326177,44.39,8
VIDEO_7577797962017918230,7.118,0
VIDEO_7094270154275605765,12.714,0
VIDEO_6921604099553119494,13.014,0
VIDEO_7441976604730936609,13.207,0
VIDEO_7463198577188146464,41.132,4
VIDEO_7572598154063990038,27.682,1
VIDEO_7535123405562006806,21.843,0
VIDEO_7574884067729050902,27.731,4
VIDEO_7329526946751089953,20.949,1
VIDEO_7582631962330893570,22.697,0
VIDEO_7193808719287766278,18.379,1
VIDEO_7350221322317761825,24.368,2
VIDEO_7132514036276628742,42.754,9
VIDEO_7541326779697564930,33.628,6
VIDEO_7297177472615861536,6.422,0
VIDEO_7343530174526377249,35.998,7
VIDEO_7539973950877584662,23.9,0
VIDEO_7261565962875358491,17.161,0
VIDEO_7547744113433627926,58.021,8
VIDEO_7474331497533836566,27.954,2
VIDEO_7495322095065238806,31.726,4
VIDEO_7168916057166597382,39.458,8
VIDEO_7532382235463339286,42.998,8
VIDEO_7578925701114481942,4.295,0
VIDEO_7509512878026788118,40.649,8
VIDEO_7517939109512449302,65.731,8
VIDEO_7210751695771553030,35.74,6
VIDEO_7564379905971178755,9.675,0
VIDEO_7549089036447649046,26.057,2
VIDEO_7140222885389536517,16.196,0
VIDEO_7161354120849427717,28.312,3
VIDEO_7191884217595219206,14.996,0
VIDEO_7397062762150513952,27.701,1
VIDEO_7451579890048027937,27.149,1
VIDEO_7595972634450431254,4.311,0
VIDEO_7224426315074522395,53.428,7
VIDEO_7192709681280781574,15.85,0
VIDEO_7458328611213298976,30.543,4
VIDEO_7099406976437718278,38.662,4
VIDEO_6958338154617228549,27.941,2
VIDEO_7316851921288006944,11.3,0
VIDEO_7504668782045039894,14.458,0
VIDEO_7176199071177215237,25.153,1
VIDEO_7580305629634399510,48.093,8
VIDEO_7490222588883422486,24.189,1
VIDEO_7454218208648727840,13.348,0
VIDEO_7423318018853178657,8.632,0
VIDEO_7164397666472873222,65.327,8
VIDEO_7443846446362774817,34.985,5
VIDEO_7512836614834474262,31.034,2
VIDEO_7579299127637363990,23.167,2
VIDEO_7325049996682759456,29.417,1
VIDEO_7555412968511425814,21.453,0
VIDEO_7483898615803612418,39.052,8
VIDEO_7174339271141100806,11.693,0
VIDEO_7440066420332924192,54.9,7
VIDEO_7486138878026321174,12.147,0
VIDEO_7494238893546474774,5.51,0
VIDEO_7296855348714016033,22.14,0
VIDEO_7576309328584592643,24.779,1
VIDEO_7566939859156290838,19.583,0
VIDEO_7584845578429828375,21.262,0
VIDEO_7257874855037586714,19.59,0
VIDEO_7567372771060124950,36.845,4
VIDEO_7488220279244623126,14.177,0
VIDEO_7156562442829466886,33.235,4
VIDEO_7300927450463194400,9.429,0
VIDEO_7466109584952855840,9.615,0
VIDEO_7575167976853228822,14.331,0
VIDEO_7478999877444226326,20.799,1
VIDEO_7470532387223407904,13.922,0
VIDEO_7476765597204860182,19.046,0
VIDEO_7543218614866906390,46.623,10
VIDEO_7183681305203330309,26.61,2
VIDEO_7165886702580403462,28.259,4
VIDEO_7542538735116684566,24.155,1
VIDEO_7018111226760776966,33.34,6
VIDEO_7533124404062981398,41.514,8
VIDEO_7535846060476976406,26.065,1
VIDEO_6920160579424488710,27.447,3
VIDEO_7208933349933452550,4.722,0
VIDEO_7587402623129636118,38.554,4
VIDEO_7481977420220779798,27.758,5
VIDEO_7564663320058285334,18.617,0
VIDEO_7260104911830945051,46.448,8
VIDEO_7246825881904139546,26.559,2
VIDEO_7254929536557567259,21.321,0
VIDEO_7414073681992895776,37.457,4
VIDEO_7442009228555930913,17.285,1
VIDEO_6923976137928445190,25.788,2
VIDEO_7203684040606633222,46.265,8
VIDEO_7412939421089090849,12.329,0
VIDEO_7081711774084484358,8.886,0
VIDEO_7325106846744743200,10.675,1
VIDEO_7418133778406657313,19.31,0
VIDEO_7120944943270530309,6.898,0
VIDEO_7214113271018753285,11.558,0
VIDEO_7168426884852747526,19.827,0
VIDEO_7111379317900332293,18.945,0
VIDEO_6834056379355991301,32.043,5
VIDEO_7517676181366295830,30.524,4
VIDEO_6895747396404284674,4.897,0
VIDEO_7050043192732912901,3.833,0
VIDEO_7438966885879696662,53.469,8
VIDEO_7214862934139260166,38.826,5
VIDEO_7479081271746989334,15.949,0
VIDEO_7533680078866238742,14.837,1
VIDEO_7490119511731965206,27.521,2
VIDEO_7073916316566031622,10.462,0
VIDEO_7255981234374069530,21.072,0
VIDEO_7413699830469397793,30.92,5
VIDEO_6896055761982639362,34.788,6
VIDEO_7167014945626787078,13.517,0
VIDEO_7079095510904229126,32.145,6
VIDEO_7410359060681297184,31.693,5
VIDEO_7208551637869268230,42.126,5
VIDEO_7162439514428919046,8.093,0
VIDEO_7326857703958105376,6.723,0
VIDEO_7288261263757446433,32.865,5
VIDEO_7456392986897730838,16.479,0
VIDEO_7219646733901450502,31.903,2
VIDEO_7296417264591441185,0.706,0
VIDEO_6979673025503366405,13.315,0
VIDEO_7479481184100044054,10.507,0
VIDEO_7159544328061275397,42.222,7
VIDEO_6964763152974187781,13.648,2
VIDEO_6864458828012899589,37.545,8
VIDEO_7187762825270463750,21.766,0
VIDEO_7064507087086161157,37.669,6
VIDEO_6922868220890254597,12.333,1
VIDEO_7158057918431120645,23.95,1
VIDEO_6930236006654364934,46.96,8
VIDEO_7294200756586958113,17.816,0
VIDEO_6994839726846971142,14.964,1
VIDEO_7296075013734616353,48.651,8
VIDEO_7213795540574735621,22.422,0
VIDEO_7065372841423801605,34.794,6
VIDEO_7475816575975623958,9.78,0
VIDEO_6883876793380572417,12.77,0
VIDEO_7415589341981986080,46.205,8
VIDEO_7060539961459641605,31.473,3
VIDEO_6876369843591941377,12.661,1
VIDEO_6887883845954178305,42.01,7
VIDEO_7415541670361500961,30.68,6
VIDEO_7167309818519227653,32.742,7
VIDEO_7161744414979771653,5.219,0
VIDEO_6958424996964355334,15.655,0
VIDEO_7400784701633416481,18.134,0
VIDEO_7478417820376812822,30.31,3
VIDEO_7238904736253054234,2.613,0
VIDEO_7270891504346942753,20.24,0
VIDEO_7413269884840267040,4.764,0
VIDEO_6883389583271185666,15.291,0
VIDEO_7183332234605268250,14.567,0
VIDEO_7012661937477537030,20.311,0
VIDEO_6798641094109269253,32.367,6
VIDEO_6798648871401819398,11.131,0
VIDEO_7210834532591963398,15.756,0
VIDEO_7584519298459176214,11.899,0
VIDEO_7042694987141745926,15.23,0
VIDEO_6864806467329903878,28.782,4
VIDEO_7295785443528920352,10.015,0
VIDEO_7278716528839626016,44.788,8
VIDEO_7116158724288400645,20.037,0
VIDEO_7468313844230704406,25.399,2
VIDEO_7471348371962334486,28.759,4
VIDEO_6879407335484214530,16.299,0
VIDEO_7324421973612825889,32.941,4
VIDEO_7123931386964184326,46.098,8
VIDEO_6891319697220898050,14.013,2
VIDEO_6923235061999373574,29.982,4
VIDEO_7167292362857794821,36.389,5
VIDEO_7146624079615790341,17.801,0
VIDEO_7353226118662589728,11.512,0
VIDEO_6963263758630194437,15.169,1
VIDEO_7579293926796922134,16.381,0
VIDEO_6895292772857826562,5.17,0
VIDEO_6869621825035357441,11.583,0
VIDEO_7344802060019256609,22.259,0
VIDEO_7540185950714875158,11.072,0
VIDEO_6936835146301672709,16.787,0
VIDEO_7175881254233967878,0.416,0
VIDEO_7529820615637847318,54.301,6
VIDEO_7471349532496842006,18.047,0
VIDEO_7296124478130572577,31.93,4
VIDEO_7414059508630031648,29.228,3
VIDEO_7315824288173493536,19.231,0
VIDEO_7341346159023246624,39.454,6
VIDEO_7470212560399109398,31.277,4
VIDEO_7379167807679761697,27.502,1
VIDEO_7171408287785782533,21.086,2
VIDEO_7490984274049469718,10.253,0
VIDEO_7125703838497131781,39.684,7
VIDEO_7510326060676975894,34.566,4
VIDEO_7332865581789629729,37.855,5
VIDEO_7114675214583155973,13.072,2
VIDEO_7483554122663234838,31.763,1
VIDEO_7190655063470116101,16.086,0
VIDEO_7333568243367431456,24.707,1
VIDEO_7475642830430522646,34.629,2
VIDEO_7082772534126513414,30.61,1
VIDEO_7456101045601570070,41.039,8
VIDEO_7391169699821669665,44.644,8
VIDEO_7453016788465454358,23.979,2
VIDEO_7040071170363788550,6.822,0
VIDEO_6899015791086210306,11.705,0
VIDEO_7511357874082286870,24.636,2
VIDEO_7070176633931549958,34.998,8
VIDEO_7191896362630302981,25.394,3
VIDEO_7371436708778315041,25.443,2
VIDEO_7128317775524777222,40.784,8
VIDEO_7216007272311344390,32.598,3
VIDEO_7440140885246971169,24.67,2
VIDEO_7072437259127098630,26.722,3
VIDEO_7110099088661548293,23.845,0
VIDEO_7076134412487855366,38.418,7
VIDEO_7080545682058169605,5.617,0
VIDEO_7249677053153283354,35.523,8
VIDEO_7072774694214044934,15.945,1
VIDEO_7067578500101803269,32.734,8
VIDEO_7361717788299250976,18.914,0
VIDEO_7241878874672385306,13.054,0
VIDEO_7252271385467161882,13.272,1
VIDEO_7494590607797554454,15.493,1
VIDEO_7273016085954317600,25.6,2
VIDEO_7114309168302984454,30.959,6
VIDEO_7236674356540165402,27.14,1
VIDEO_7057846707651939590,38.68,7
VIDEO_7161307348827426053,12.139,0
VIDEO_7351084194061126945,33.408,4
VIDEO_7397696022975188257,34.627,7
VIDEO_7282668264617004321,29.012,6
VIDEO_7471186366500539670,20.741,1
VIDEO_7215611067286703366,21.906,1
VIDEO_7124683160218029317,53.466,8
VIDEO_7467520617160396054,32.595,7
VIDEO_7205617494143339782,12.742,0
VIDEO_7439301301864877344,27.93,3
VIDEO_7379994182741429536,34.974,3
VIDEO_7244559099352976666,53.105,5
VIDEO_6919872357288971521,11.228,1
VIDEO_7246672390841715995,36.91,9
VIDEO_7343665662876781856,35.459,3
VIDEO_7369623012087172384,30.943,6
VIDEO_7259307845332602139,29.505,3
VIDEO_7251996103178997018,15.507,1
VIDEO_7166666264092413190,9.393,0
VIDEO_7444856032486116630,32.424,2
VIDEO_7384098121715813664,24.839,2
VIDEO_7249312172956732698,17.337,0
VIDEO_6944298636553604358,21.835,0
VIDEO_7249813717225950490,20.435,0
VIDEO_7453132168940915991,38.269,5
VIDEO_7164417550791494918,22.244,1
VIDEO_7494205664135236886,25.356,2
VIDEO_7210806075354811654,55.664,9
VIDEO_7115325407318052102,15.154,0
VIDEO_7462409528211033366,30.84,4
VIDEO_7446804107312008470,7.793,0
VIDEO_7091569180054490373,27.656,1
VIDEO_7325764964172467489,26.085,1
VIDEO_7205134218328902917,29.485,2
VIDEO_7366182227119525152,10.463,0
VIDEO_7108626212104178949,21.279,0
VIDEO_7069805338601606406,21.833,0
VIDEO_7460568175726398742,48.9,5
VIDEO_7152911692282809606,29.939,3
VIDEO_7094149805496159494,30.711,4
VIDEO_7221070563538717957,7.62,0
VIDEO_7107863534549110022,5.368,0
VIDEO_7245182525016935707,33.932,2
VIDEO_7395222817677085985,24.045,0
VIDEO_7458380266004843798,30.457,2
VIDEO_7242237385772240155,19.629,0
VIDEO_7176549919933664517,44.113,8
VIDEO_7289115441602088225,20.699,1
VIDEO_7246301041979886875,20.189,2
VIDEO_7384844059896057120,28.825,2
VIDEO_7051617295818362117,16.631,1
VIDEO_7137955446320565510,39.654,7
VIDEO_7384476119744974112,22.548,0
VIDEO_7096387117462359302,33.497,5
VIDEO_7085631257542954246,50.078,9
VIDEO_7163942959916895493,52.623,9
VIDEO_7332521954538245408,15.09,0
VIDEO_7464890614258158870,19.53,1
VIDEO_6955020730140544261,24.541,0
VIDEO_6943534360066804998,15.876,0
VIDEO_7391036925550906657,30.867,6
VIDEO_6940187794534960389,7.504,0
VIDEO_7452742967695002902,15.539,0
VIDEO_7261658279900744987,30.402,4
VIDEO_7463516081081027862,27.179,1
VIDEO_7369882061445926177,1.139,0
VIDEO_7246343164108295450,55.928,8
VIDEO_7205961411942468870,36.716,4
VIDEO_7216240671097736454,7.512,0
VIDEO_7372567531258727712,27.873,3
VIDEO_7036282180816932102,38.593,5
VIDEO_7158890098770119942,29.807,5
VIDEO_7246805127942737178,44.271,9
VIDEO_7067959925141474565,33.606,5
VIDEO_7070486062182731013,3.78,0
VIDEO_6764678537346616582,21.465,1
VIDEO_7252374564108274970,40.368,7
VIDEO_7130169267454070021,34.706,5
VIDEO_7214886818368490758,29.578,3
VIDEO_7391879654983912736,13.113,0
VIDEO_7306870694137187616,5.16,0
VIDEO_7193751547749223685,30.427,5
VIDEO_7330293520395275553,10.999,0
VIDEO_7208220006314773765,28.046,4
VIDEO_7194501630111272197,17.522,1
VIDEO_7225245362678762779,12.142,0
VIDEO_7197086542479854854,22.339,0
VIDEO_7192254185969044742,2.77,0
VIDEO_6880117942432959746,14.38,0
VIDEO_6834420537545084166,46.071,8
VIDEO_7307663369090207009,3.88,0
VIDEO_7323224822169750816,8.408,0
VIDEO_7204870147855748357,43.697,8
VIDEO_7221550036172213509,20.432,0
VIDEO_6739804771013774597,7.71,0
VIDEO_7299132149167361312,24.144,1
VIDEO_7262363967157226785,27.001,2
VIDEO_7208590550348434694,19.353,0
VIDEO_6894530886105042178,25.398,0
VIDEO_6923258085528112390,20.422,2
VIDEO_7306460792310877472,32.722,4
VIDEO_7213794863630912773,19.99,0
VIDEO_7297256040544931105,3.798,0
VIDEO_7551820830615899414,37.143,4
VIDEO_7200418269629582597,20.573,1
VIDEO_6875610422578351362,17.529,0
VIDEO_7209259784263060742,54.853,8
VIDEO_6878219367390268673,16.862,0
VIDEO_7159621444312288517,31.81,2
VIDEO_6750983141873224966,15.472,0
VIDEO_7113472331917298949,15.003,0
VIDEO_6885984385670122753,37.704,9
VIDEO_7264519435086466336,24.806,2
VIDEO_7457876496447819030,16.264,1
VIDEO_7078216427131473157,17.642,0
VIDEO_7157021341361753349,8.849,1
VIDEO_6860766213992090886,6.231,0
VIDEO_6885735124013550850,34.617,7
VIDEO_6927547229486058757,13.281,0
VIDEO_7197448084119506182,5.259,0
VIDEO_7285669773030001953,18.844,0
VIDEO_7200112331873897733,16.66,2
VIDEO_7260420548553887002,7.669,0
VIDEO_7265677943228075296,14.676,0
VIDEO_6875699019520298242,35.257,5
VIDEO_6896455617523813633,9.747,0
VIDEO_7299777182828645664,6.434,0
VIDEO_7191515883330669830,34.276,7
VIDEO_7262728753778822433,37.781,6
VIDEO_7184457014217657606,26.125,3
VIDEO_7184831364422814981,21.025,0
VIDEO_7185200340310969605,6.861,0
VIDEO_7210067304095173893,29.235,4
VIDEO_7225641498249891099,9.044,0
VIDEO_7050156581652106502,44.843,5
VIDEO_7279078872455384352,34.253,2
VIDEO_7174022295978003717,21.819,0
VIDEO_7261965250864467232,15.328,0
VIDEO_7223410372462611738,11.259,0
VIDEO_6886076315288554754,23.217,0
VIDEO_7224177146263063835,16.763,0
VIDEO_6768860777525824773,7.917,0
VIDEO_7309113734360780064,6.552,0
VIDEO_6825975879940820230,2.993,0
VIDEO_7189927984172666118,24.383,2
VIDEO_7272402191233584417,20.777,0
VIDEO_6880792115329142018,26.371,2
VIDEO_7185555796443270405,34.589,2
VIDEO_7195607365813636357,28.928,4
VIDEO_7265242959048723745,8.653,0
VIDEO_7125392158063955205,46.814,5
VIDEO_7263460179461688609,32.177,6
VIDEO_7161523791154236677,37.583,4
VIDEO_6915045654997912833,14.04,0
VIDEO_7315068001533840672,31.779,3
VIDEO_7519058140860583190,5.806,0
VIDEO_6913929490305420545,8.624,0
VIDEO_7447927530448915735,0.041,0
VIDEO_7511669950990290198,5.071,0
VIDEO_7305781724238105889,52.959,8
VIDEO_7350310562586283297,16.186,0
VIDEO_7407351220127419681,19.096,1
VIDEO_7515407893357759766,4.542,0
VIDEO_7260814503728696602,22.215,2
VIDEO_7309107806202842400,32.273,8
VIDEO_7434514141697625377,29.7,2
VIDEO_7470159373935856918,9.03,0
VIDEO_7335855508873694496,20.379,0
VIDEO_7433411068988280097,28.136,2
VIDEO_7332509276432289057,15.837,0
VIDEO_7475687308797299990,16.561,0
VIDEO_7458331354212666646,44.373,8
VIDEO_7496845046814166294,43.824,8
VIDEO_7354350552693656864,16.894,0
VIDEO_7324725007391804705,9.966,0
VIDEO_7537717748512705814,27.329,2
VIDEO_7395950056001572128,8.991,0
VIDEO_7528439846218550550,0.365,0
VIDEO_7306559173217488160,32.9,7
VIDEO_7325862287540096289,27.691,4
VIDEO_7254588789559938330,25.519,2
VIDEO_7410754655682153761,3.074,0
VIDEO_7545851939586723094,23.635,0
VIDEO_7530943991257386262,8.089,0
VIDEO_7393316600922885409,30.411,3
VIDEO_7488659236717628694,19.208,0
VIDEO_7450432979526012182,21.875,0
VIDEO_7524285666692271382,7.056,0
VIDEO_7372168611449900321,8.274,0
VIDEO_7414109220523511073,37.316,8
VIDEO_7548437152137350422,16.737,0
VIDEO_7356608348030012704,8.256,0
VIDEO_7462683592603340054,42.017,8
VIDEO_7455305851092389142,20.806,0
VIDEO_7439731424854379809,10.737,0
VIDEO_7451629003380755734,16.466,0
VIDEO_7597116010528902422,13.272,0
VIDEO_7407843953539583265,16.724,1
VIDEO_7343666836812123424,16.82,1
VIDEO_7400379104962284832,19.075,1
VIDEO_7459403430122097942,27.966,2
VIDEO_7261996739446590753,37.841,4
VIDEO_7438288130567949601,2.714,0
VIDEO_7391864864840387872,31.018,2
VIDEO_7022925491963481349,30.528,5
VIDEO_7494230009050139926,10.637,0
VIDEO_7307282681899896096,17.797,1
VIDEO_7566676756199951638,14.17,0
VIDEO_7259698322791795995,23.639,1
VIDEO_7291237498506743072,9.888,0
VIDEO_7299062448965946657,7.143,0
VIDEO_7027511633060695301,35.038,7
VIDEO_7038707297396198661,17.008,0
VIDEO_7040810874281479430,8.328,0
VIDEO_7545046455229205782,4.071,0
VIDEO_7022178037378731270,9.686,0
VIDEO_7212344637523283205,12.465,0
VIDEO_7206682386531110149,37.285,4
VIDEO_7263733416292617505,11.667,0
VIDEO_7217888414631283995,58.051,8
VIDEO_7606001119243881750,17.901,1
VIDEO_7303884823578397984,39.725,5
VIDEO_7504627479449963798,18.141,0
VIDEO_7026774067223055621,32.928,8
VIDEO_7486129539827928342,21.233,1
VIDEO_6821547365887905030,24.609,2
VIDEO_7004414493086240006,11.774,0
VIDEO_7529427220335496450,23.629,0
VIDEO_7516624091097337110,45.027,3
VIDEO_7358820174952172832,11.436,0
VIDEO_7484928854029634838,5.492,0
VIDEO_7039005707844308229,19.41,0
VIDEO_7011522309198515462,31.625,2
VIDEO_7587442936376233238,2.88,0
VIDEO_7014868849635904773,7.898,0
VIDEO_7219294434465238298,9.341,0
VIDEO_7036326405155638533,15.179,0
VIDEO_7215515219164990746,8.291,0
VIDEO_7495704452696116503,43.684,7
VIDEO_7481596789448117526,18.336,0
VIDEO_7044982077288189190,22.049,0
VIDEO_7022596866374192390,15.911,0
VIDEO_7206680972555750661,6.469,0
VIDEO_7491322585624349974,15.762,0
VIDEO_7211165738957163782,9.684,0
VIDEO_7343923844316548384,29.562,2
VIDEO_7605520662588902678,21.518,0
VIDEO_7564704328649428246,17.265,0
VIDEO_7207862806899592453,53.282,8
VIDEO_7039252769894616326,24.156,2
VIDEO_7441982856659815713,11.682,1
VIDEO_7604886753471761686,13.06,0
VIDEO_7262807521008635168,12.187,0
VIDEO_7485773090555956503,22.224,0
VIDEO_7348766265927814432,12.541,1
VIDEO_7478735064881237270,38.584,5
VIDEO_7033466696245497093,9.26,0
VIDEO_7601164093910715670,16.403,0
VIDEO_6814175723704683782,36.274,4
VIDEO_7560707094018542870,6.88,0
VIDEO_7346541062267079968,27.529,1
VIDEO_7550598568415874326,3.452,0
VIDEO_7431510658845379872,30.185,4
VIDEO_7007863408129215749,52.482,7
VIDEO_7578256886286322966,34.622,2
VIDEO_7256464845132827931,47.936,8
