video_id,has_text
VIDEO_6814175723704683782,0
VIDEO_7026774067223055621,1
VIDEO_7014868849635904773,0
VIDEO_7007863408129215749,0
VIDEO_7027511633060695301,1
VIDEO_7011522309198515462,1
VIDEO_7022178037378731270,1
VIDEO_6821547365887905030,0
VIDEO_7004414493086240006,0
VIDEO_7022596866374192390,1
VIDEO_7040810874281479430,1
VIDEO_7044982077288189190,1
VIDEO_7022925491963481349,1
VIDEO_7219294434465238298,0
VIDEO_7039252769894616326,1
VIDEO_7036326405155638533,1
VIDEO_7206680972555750661,1
VIDEO_7039005707844308229,1
VIDEO_7033466696245497093,1
VIDEO_7207862806899592453,1
VIDEO_7038707297396198661,1
VIDEO_7215515219164990746,1
VIDEO_7206682386531110149,1
VIDEO_7217888414631283995,1
VIDEO_7212344637523283205,1
VIDEO_7441982856659815713,0
VIDEO_7346541062267079968,0
VIDEO_7211165738957163782,1
VIDEO_7262807521008635168,1
VIDEO_7495704452696116503,1
VIDEO_7504627479449963798,1
VIDEO_7291237498506743072,0
VIDEO_7486129539827928342,1
VIDEO_7478735064881237270,1
VIDEO_7303884823578397984,0
VIDEO_7256464845132827931,1
VIDEO_7484928854029634838,0
VIDEO_7299062448965946657,0
VIDEO_7431510658845379872,1
VIDEO_7485773090555956503,1
VIDEO_7263733416292617505,1
VIDEO_7348766265927814432,1
VIDEO_7343923844316548384,0
VIDEO_7494230009050139926,1
VIDEO_7604886753471761686,1
VIDEO_7491322585624349974,1
VIDEO_7560707094018542870,0
VIDEO_7601164093910715670,0
VIDEO_7587442936376233238,1
VIDEO_7481596789448117526,1
VIDEO_7566676756199951638,1
VIDEO_7578256886286322966,0
VIDEO_7564704328649428246,1
VIDEO_7516624091097337110,0
VIDEO_7550598568415874326,0
VIDEO_7605520662588902678,0
VIDEO_7606001119243881750,0
VIDEO_7545046455229205782,0
VIDEO_7529427220335496450,0
VIDEO_7254588789559938330,1
VIDEO_7260814503728696602,1
VIDEO_7309107806202842400,1
VIDEO_7261996739446590753,1
VIDEO_7259698322791795995,1
VIDEO_7306559173217488160,0
VIDEO_7332509276432289057,0
VIDEO_7354350552693656864,1
VIDEO_7307282681899896096,1
VIDEO_7393316600922885409,0
VIDEO_7400379104962284832,1
VIDEO_7391864864840387872,0
VIDEO_7407843953539583265,1
VIDEO_7407351220127419681,1
VIDEO_7343666836812123424,0
VIDEO_7325862287540096289,0
VIDEO_7356608348030012704,1
VIDEO_7324725007391804705,0
VIDEO_7335855508873694496,0
VIDEO_7350310562586283297,1
VIDEO_7372168611449900321,1
VIDEO_7358820174952172832,1
VIDEO_7395950056001572128,0
VIDEO_7315068001533840672,1
VIDEO_7475687308797299990,0
VIDEO_7597116010528902422,0
VIDEO_7455305851092389142,0
VIDEO_7434514141697625377,1
VIDEO_7410754655682153761,0
VIDEO_7438288130567949601,1
VIDEO_7496845046814166294,0
VIDEO_7528439846218550550,0
VIDEO_7450432979526012182,0
VIDEO_7439731424854379809,1
VIDEO_7537717748512705814,0
VIDEO_7433411068988280097,0
VIDEO_7524285666692271382,1
VIDEO_7530943991257386262,0
VIDEO_7462683592603340054,0
VIDEO_7470159373935856918,1
VIDEO_7519058140860583190,0
VIDEO_7515407893357759766,1
VIDEO_7459403430122097942,1
VIDEO_7511669950990290198,0
VIDEO_7548437152137350422,0
VIDEO_7545851939586723094,1
VIDEO_7414109220523511073,0
VIDEO_7451629003380755734,1
VIDEO_7447927530448915735,1
VIDEO_7458331354212666646,0
VIDEO_6875699019520298242,1
VIDEO_6739804771013774597,0
VIDEO_7488659236717628694,0
VIDEO_6764678537346616582,0
VIDEO_6880792115329142018,1
VIDEO_6894530886105042178,1
VIDEO_6860766213992090886,1
VIDEO_6878219367390268673,0
VIDEO_6885735124013550850,0
VIDEO_6875610422578351362,0
VIDEO_6825975879940820230,0
VIDEO_6915045654997912833,0
VIDEO_6886076315288554754,1
VIDEO_6885984385670122753,1
VIDEO_6750983141873224966,0
VIDEO_6768860777525824773,0
VIDEO_6896455617523813633,1
VIDEO_6913929490305420545,0
VIDEO_6880117942432959746,1
VIDEO_7159621444312288517,0
VIDEO_6834420537545084166,1
VIDEO_7174022295978003717,0
VIDEO_7184457014217657606,0
VIDEO_7050156581652106502,1
VIDEO_7191515883330669830,1
VIDEO_7113472331917298949,1
VIDEO_6923258085528112390,0
VIDEO_7185200340310969605,0
VIDEO_7078216427131473157,0
VIDEO_7070486062182731013,0
VIDEO_7184831364422814981,0
VIDEO_7157021341361753349,1
VIDEO_7125392158063955205,1
VIDEO_7189927984172666118,0
VIDEO_7185555796443270405,1
VIDEO_7161523791154236677,1
VIDEO_7130169267454070021,0
VIDEO_6927547229486058757,0
VIDEO_7192254185969044742,0
VIDEO_7223410372462611738,1
VIDEO_7204870147855748357,1
VIDEO_7197448084119506182,0
VIDEO_7209259784263060742,0
VIDEO_7208220006314773765,1
VIDEO_7195607365813636357,0
VIDEO_7197086542479854854,0
VIDEO_7200112331873897733,0
VIDEO_7213794863630912773,0
VIDEO_7208590550348434694,1
VIDEO_7200418269629582597,0
VIDEO_7194501630111272197,0
VIDEO_7193751547749223685,0
VIDEO_7210067304095173893,0
VIDEO_7225245362678762779,0
VIDEO_7225641498249891099,1
VIDEO_7221550036172213509,1
VIDEO_7224177146263063835,1
VIDEO_7214886818368490758,0
VIDEO_7306870694137187616,0
VIDEO_7265677943228075296,1
VIDEO_7263460179461688609,1
VIDEO_7323224822169750816,1
VIDEO_7265242959048723745,1
VIDEO_7297256040544931105,0
VIDEO_7279078872455384352,0
VIDEO_7306460792310877472,0
VIDEO_7307663369090207009,1
VIDEO_7272402191233584417,1
VIDEO_7262363967157226785,1
VIDEO_7330293520395275553,0
VIDEO_7260420548553887002,0
VIDEO_7261965250864467232,0
VIDEO_7285669773030001953,0
VIDEO_7299777182828645664,1
VIDEO_7309113734360780064,0
VIDEO_7264519435086466336,1
VIDEO_7262728753778822433,0
VIDEO_7299132149167361312,0
VIDEO_7457876496447819030,0
VIDEO_7305781724238105889,0
VIDEO_7551820830615899414,0
VIDEO_7076134412487855366,0
VIDEO_6919872357288971521,0
VIDEO_7085631257542954246,0
VIDEO_6955020730140544261,0
VIDEO_7057846707651939590,0
VIDEO_7067959925141474565,0
VIDEO_7069805338601606406,0
VIDEO_7040071170363788550,0
VIDEO_6944298636553604358,1
VIDEO_6940187794534960389,0
VIDEO_7051617295818362117,0
VIDEO_7080545682058169605,0
VIDEO_7067578500101803269,0
VIDEO_7091569180054490373,0
VIDEO_7070176633931549958,0
VIDEO_6943534360066804998,0
VIDEO_7094149805496159494,1
VIDEO_7082772534126513414,0
VIDEO_7072774694214044934,0
VIDEO_7036282180816932102,0
VIDEO_7072437259127098630,0
VIDEO_7128317775524777222,0
VIDEO_7125703838497131781,1
VIDEO_7152911692282809606,0
VIDEO_7114675214583155973,0
VIDEO_7114309168302984454,0
VIDEO_7110099088661548293,1
VIDEO_7096387117462359302,0
VIDEO_7115325407318052102,0
VIDEO_7108626212104178949,0
VIDEO_7107863534549110022,0
VIDEO_7137955446320565510,0
VIDEO_7236674356540165402,1
VIDEO_7124683160218029317,0
VIDEO_7216007272311344390,0
VIDEO_7205134218328902917,1
VIDEO_7216240671097736454,0
VIDEO_7221070563538717957,1
VIDEO_7161307348827426053,0
VIDEO_7158890098770119942,0
VIDEO_7163942959916895493,0
VIDEO_7215611067286703366,0
VIDEO_7191896362630302981,0
VIDEO_7176549919933664517,0
VIDEO_7205617494143339782,1
VIDEO_7166666264092413190,0
VIDEO_7210806075354811654,0
VIDEO_7205961411942468870,1
VIDEO_7164417550791494918,0
VIDEO_7249312172956732698,1
VIDEO_7242237385772240155,1
VIDEO_7245182525016935707,1
VIDEO_7246672390841715995,0
VIDEO_7190655063470116101,0
VIDEO_7259307845332602139,1
VIDEO_7249677053153283354,1
VIDEO_7252271385467161882,1
VIDEO_7246343164108295450,1
VIDEO_7246805127942737178,1
VIDEO_7252374564108274970,1
VIDEO_7241878874672385306,0
VIDEO_7244559099352976666,0
VIDEO_7249813717225950490,0
VIDEO_7251996103178997018,1
VIDEO_7246301041979886875,0
VIDEO_7261658279900744987,0
VIDEO_7282668264617004321,0
VIDEO_7325764964172467489,0
VIDEO_7332521954538245408,1
VIDEO_7289115441602088225,1
VIDEO_7351084194061126945,0
VIDEO_7361717788299250976,0
VIDEO_7333568243367431456,0
VIDEO_7273016085954317600,0
VIDEO_7366182227119525152,0
VIDEO_7343665662876781856,0
VIDEO_7369623012087172384,0
VIDEO_7332865581789629729,0
VIDEO_7371436708778315041,1
VIDEO_7384844059896057120,0
VIDEO_7369882061445926177,0
VIDEO_7391036925550906657,0
VIDEO_7384098121715813664,0
VIDEO_7397696022975188257,1
VIDEO_7384476119744974112,0
VIDEO_7379994182741429536,0
VIDEO_7395222817677085985,1
VIDEO_7372567531258727712,1
VIDEO_7391169699821669665,0
VIDEO_7391879654983912736,0
VIDEO_7453132168940915991,0
VIDEO_7440140885246971169,1
VIDEO_7453016788465454358,0
VIDEO_7483554122663234838,0
VIDEO_7462409528211033366,0
VIDEO_7444856032486116630,1
VIDEO_7439301301864877344,0
VIDEO_7460568175726398742,0
VIDEO_7471186366500539670,1
VIDEO_7464890614258158870,0
VIDEO_7452742967695002902,0
VIDEO_7458380266004843798,1
VIDEO_7475642830430522646,0
VIDEO_7446804107312008470,0
VIDEO_7463516081081027862,1
VIDEO_7467520617160396054,0
VIDEO_7494205664135236886,1
VIDEO_7456101045601570070,0
VIDEO_7511357874082286870,0
VIDEO_7494590607797554454,1
VIDEO_7510326060676975894,0
VIDEO_6879407335484214530,0
VIDEO_6864458828012899589,1
VIDEO_6869621825035357441,0
VIDEO_6876369843591941377,1
VIDEO_6834056379355991301,0
VIDEO_6798648871401819398,0
VIDEO_6864806467329903878,0
VIDEO_6798641094109269253,0
VIDEO_6958424996964355334,0
VIDEO_6936835146301672709,1
VIDEO_6922868220890254597,1
VIDEO_6964763152974187781,1
VIDEO_6923235061999373574,0
VIDEO_6896055761982639362,1
VIDEO_6930236006654364934,0
VIDEO_7042694987141745926,0
VIDEO_7012661937477537030,0
VIDEO_6895292772857826562,1
VIDEO_6899015791086210306,0
VIDEO_6891319697220898050,1
VIDEO_6979673025503366405,0
VIDEO_6923976137928445190,0
VIDEO_6994839726846971142,0
VIDEO_6883389583271185666,1
VIDEO_6883876793380572417,0
VIDEO_6895747396404284674,1
VIDEO_6887883845954178305,1
VIDEO_7081711774084484358,1
VIDEO_6963263758630194437,1
VIDEO_7065372841423801605,1
VIDEO_7146624079615790341,1
VIDEO_7162439514428919046,1
VIDEO_7111379317900332293,1
VIDEO_7064507087086161157,0
VIDEO_7167309818519227653,1
VIDEO_7167014945626787078,1
VIDEO_7123931386964184326,1
VIDEO_7050043192732912901,1
VIDEO_7167292362857794821,1
VIDEO_7158057918431120645,1
VIDEO_7060539961459641605,0
VIDEO_7120944943270530309,1
VIDEO_7161744414979771653,1
VIDEO_7159544328061275397,1
VIDEO_7073916316566031622,1
VIDEO_7116158724288400645,0
VIDEO_7270891504346942753,1
VIDEO_7294200756586958113,0
VIDEO_7187762825270463750,0
VIDEO_7079095510904229126,0
VIDEO_7208551637869268230,1
VIDEO_7183332234605268250,1
VIDEO_7171408287785782533,1
VIDEO_7296075013734616353,1
VIDEO_7255981234374069530,1
VIDEO_7278716528839626016,0
VIDEO_7214862934139260166,1
VIDEO_7238904736253054234,1
VIDEO_7219646733901450502,1
VIDEO_7295785443528920352,1
VIDEO_7254929536557567259,1
VIDEO_7213795540574735621,0
VIDEO_7214113271018753285,1
VIDEO_7288261263757446433,1
VIDEO_7246825881904139546,0
VIDEO_7175881254233967878,0
VIDEO_7208933349933452550,1
VIDEO_7168426884852747526,1
VIDEO_7203684040606633222,1
VIDEO_7210834532591963398,1
VIDEO_7315824288173493536,0
VIDEO_7296417264591441185,1
VIDEO_7324421973612825889,1
VIDEO_7353226118662589728,1
VIDEO_7418133778406657313,1
VIDEO_7344802060019256609,1
VIDEO_7341346159023246624,1
VIDEO_7415589341981986080,1
VIDEO_7413269884840267040,1
VIDEO_7326857703958105376,1
VIDEO_7412939421089090849,0
VIDEO_7413699830469397793,1
VIDEO_7296124478130572577,1
VIDEO_7379167807679761697,1
VIDEO_7410359060681297184,1
VIDEO_7400784701633416481,1
VIDEO_7414059508630031648,1
VIDEO_7438966885879696662,0
VIDEO_7415541670361500961,0
VIDEO_7533680078866238742,1
VIDEO_7471349532496842006,0
VIDEO_7470212560399109398,0
VIDEO_7468313844230704406,0
VIDEO_7478417820376812822,1
VIDEO_7579293926796922134,0
VIDEO_7490119511731965206,0
VIDEO_7479081271746989334,0
VIDEO_7584519298459176214,1
VIDEO_7325106846744743200,1
VIDEO_7442009228555930913,1
VIDEO_7540185950714875158,0
VIDEO_7456392986897730838,1
VIDEO_7517676181366295830,0
VIDEO_7479481184100044054,1
VIDEO_7490984274049469718,0
VIDEO_7471348371962334486,0
VIDEO_7475816575975623958,1
VIDEO_7481977420220779798,0
VIDEO_7529820615637847318,1
VIDEO_6921604099553119494,1
VIDEO_7171449726158589189,0
VIDEO_7168916057166597382,0
VIDEO_7093804812864670981,0
VIDEO_6920160579424488710,1
VIDEO_6955364241213771014,1
VIDEO_7132514036276628742,1
VIDEO_7094270154275605765,1
VIDEO_7140222885389536517,1
VIDEO_6958338154617228549,0
VIDEO_7099406976437718278,0
VIDEO_7176199071177215237,0
VIDEO_7165886702580403462,0
VIDEO_7161354120849427717,1
VIDEO_7143175958978186502,0
VIDEO_7156562442829466886,1
VIDEO_7164397666472873222,0
VIDEO_7128353863966444806,1
VIDEO_7174339271141100806,1
VIDEO_7184460864404229381,1
VIDEO_7124374690520419590,0
VIDEO_7183681305203330309,1
VIDEO_7018111226760776966,1
VIDEO_7296855348714016033,1
VIDEO_7260104911830945051,0
VIDEO_7257874855037586714,0
VIDEO_7297177472615861536,1
VIDEO_7192709681280781574,1
VIDEO_7329526946751089953,0
VIDEO_7210751695771553030,0
VIDEO_7190283346373610757,0
VIDEO_7290823677195603233,1
VIDEO_7316851921288006944,0
VIDEO_7325049996682759456,0
VIDEO_7193808719287766278,1
VIDEO_7261565962875358491,0
VIDEO_7224426315074522395,1
VIDEO_7300927450463194400,1
VIDEO_7336238126651706656,1
VIDEO_7191884217595219206,0
VIDEO_7436439641298865441,1
VIDEO_7414073681992895776,0
VIDEO_7423318018853178657,0
VIDEO_7343530174526377249,0
VIDEO_7329933240775527713,0
VIDEO_7350221322317761825,1
VIDEO_7397062762150513952,1
VIDEO_7440066420332924192,1
VIDEO_7480563839319264534,0
VIDEO_7441976604730936609,1
VIDEO_7395189160081935649,0
VIDEO_7454218208648727840,0
VIDEO_7486138878026321174,0
VIDEO_7447512835350859040,0
VIDEO_7458328611213298976,1
VIDEO_7468709057516326177,0
VIDEO_7488220279244623126,0
VIDEO_7476765597204860182,0
VIDEO_7474331497533836566,0
VIDEO_7471286673494527254,1
VIDEO_7480918194438278422,1
VIDEO_7470532387223407904,1
VIDEO_7468323433714126112,0
VIDEO_7478999877444226326,1
VIDEO_7443846446362774817,1
VIDEO_7463198577188146464,0
VIDEO_7489499424884821270,1
VIDEO_7466109584952855840,1
VIDEO_7451579890048027937,1
VIDEO_7495322095065238806,0
VIDEO_7541326779697564930,1
VIDEO_7509512878026788118,1
VIDEO_7483898615803612418,1
VIDEO_7535846685101149462,0
VIDEO_7510479503592901910,1
VIDEO_7535846854743821590,0
VIDEO_7535476048444558614,1
VIDEO_7535123405562006806,1
VIDEO_7495849453228657942,0
VIDEO_7533124404062981398,1
VIDEO_7528433357093358870,0
VIDEO_7490222588883422486,0
VIDEO_7532382235463339286,1
VIDEO_7517939109512449302,1
VIDEO_7539973950877584662,0
VIDEO_7504668782045039894,1
VIDEO_7494238893546474774,1
VIDEO_7512836614834474262,1
VIDEO_7535846060476976406,1
VIDEO_7543218614866906390,0
VIDEO_7557014347273276694,1
VIDEO_7551795663772798211,0
VIDEO_7547744113433627926,1
VIDEO_7522511822893616406,1
VIDEO_7566939859156290838,0
VIDEO_7542538735116684566,1
VIDEO_7564663320058285334,1
VIDEO_7565890573115165974,0
VIDEO_7556999098637880598,1
VIDEO_7557004748973559043,0
VIDEO_7567386738709073174,1
VIDEO_7568852433271590146,1
VIDEO_7567372771060124950,0
VIDEO_7549089036447649046,1
VIDEO_7564379905971178755,1
VIDEO_7555412968511425814,0
VIDEO_7563265888623840534,0
VIDEO_7572598154063990038,1
VIDEO_7574884067729050902,0
VIDEO_7582631962330893570,1
VIDEO_7579299127637363990,0
VIDEO_7605548189332016406,0
VIDEO_7575167976853228822,0
VIDEO_7603743614157458710,0
VIDEO_7577797962017918230,1
VIDEO_7584845578429828375,1
VIDEO_7587402623129636118,1
VIDEO_7595972634450431254,0
VIDEO_7576309328584592643,1
VIDEO_7578925701114481942,1
VIDEO_7581822570454879510,0
VIDEO_7587440240327937302,1
VIDEO_7253058884762537242,1
VIDEO_7580305629634399510,1
VIDEO_7148719596487363845,1
VIDEO_7226711933150432538,0
VIDEO_7141370905153850629,0
VIDEO_7421851827794152737,1
VIDEO_7141371845248437510,0
VIDEO_7239748390974704922,1
VIDEO_7192172787723783430,0
VIDEO_7245283945619655963,0
VIDEO_7156614323194875141,0
VIDEO_7189528219425590534,0
VIDEO_7269755991049260320,0
VIDEO_7418157210896698657,0
VIDEO_7252274964206832923,0
VIDEO_7202909898219326725,0
VIDEO_7250832194392886554,0
VIDEO_7436892906801073441,1
VIDEO_7169218120916208902,1
VIDEO_7446821670133845270,0
VIDEO_7439661735742557472,1
VIDEO_7447956995182759190,1
VIDEO_7455422115802565910,0
VIDEO_7439269165111725345,1
VIDEO_7450928915159190806,0
VIDEO_7448354400998853910,0
VIDEO_7443866656956255510,0
VIDEO_7442685576798604566,0
VIDEO_7440567441777757472,0
VIDEO_7446429495948594454,0
VIDEO_7444926040855661846,0
VIDEO_7447200750096223510,0
VIDEO_7441958558054337825,0
VIDEO_7500926454671232278,1
VIDEO_7505058159258504470,0
VIDEO_7472755159945252118,0
VIDEO_7457155091238259990,0
VIDEO_7532594185912847638,0
VIDEO_7506795063012232470,0
VIDEO_7474265267783208214,0
VIDEO_7486391346727537942,0
VIDEO_7555487310297533718,0
VIDEO_7549615777326877974,0
VIDEO_7502082897935928598,1
VIDEO_7508716246301510914,0
VIDEO_7467247804717550870,0
VIDEO_7557772009510358294,0
VIDEO_7495455289882184982,0
VIDEO_7524347836541046038,0
VIDEO_7487276696215817494,0
VIDEO_7506217095441435926,0
VIDEO_7479158367873748246,0
VIDEO_7478407463675481366,0
VIDEO_7526570162976328982,0
VIDEO_7564461685881179414,0
VIDEO_7459483581803482390,0
VIDEO_7504006062559776022,0
VIDEO_7518292077080268054,0
VIDEO_7490268698918309142,1
VIDEO_6972416280762649861,0
VIDEO_6994481888182144262,0
VIDEO_6919824999914245381,0
VIDEO_6921227616347327749,0
VIDEO_6959192993014287622,0
VIDEO_6982843678305897734,1
VIDEO_6978753193882832133,0
VIDEO_6980260193653378309,0
VIDEO_6952049416425590022,1
VIDEO_7075005822228499717,1
VIDEO_7073510812542913798,1
VIDEO_7067217215925275910,1
VIDEO_6963197595422346502,0
VIDEO_7055321327174946054,1
VIDEO_7055714634526969093,1
VIDEO_7014030961486630149,1
VIDEO_7073157554024566021,0
VIDEO_7069326966159084806,0
VIDEO_7053545705868152069,0
VIDEO_7057560274424958214,1
VIDEO_7071521897082621189,1
VIDEO_7045558641969073414,1
VIDEO_7064489288125189382,1
VIDEO_7070550742880292101,1
VIDEO_7062023531764256006,1
VIDEO_7019307301299424518,1
VIDEO_7063459529668742406,1
VIDEO_7001083090462346501,0
VIDEO_7061519229182315781,0
VIDEO_7039259712038112518,0
VIDEO_7054948838716493061,1
VIDEO_7052727837165505797,0
VIDEO_7038189746484563205,1
VIDEO_7059414649581604102,1
VIDEO_7076423248698690822,1
VIDEO_7075788593930816773,0
VIDEO_7077597820538146053,1
VIDEO_7163303756447223045,0
VIDEO_7087822626005060870,1
VIDEO_7060887870688529670,1
VIDEO_7163552631053503749,0
VIDEO_7178872221375548677,0
VIDEO_7079069070078889221,1
VIDEO_7168038506772679942,0
VIDEO_7145813168818900229,1
VIDEO_7088705916027063557,1
VIDEO_7130620750842678533,1
VIDEO_7173707401302920453,0
VIDEO_7162174902865251589,0
VIDEO_7158447069152300293,1
VIDEO_7169948893805825285,0
VIDEO_7156881114106170630,1
VIDEO_7146479472022277381,0
VIDEO_7164769032430767365,0
VIDEO_7081140277083213062,1
VIDEO_7155814731897376006,1
VIDEO_7202617948983315717,0
VIDEO_7084890005491010821,1
VIDEO_7199586123952311557,1
VIDEO_7196211164093631749,0
VIDEO_7193338808870456582,0
VIDEO_7211565992852475141,0
VIDEO_7192237337412177157,0
VIDEO_7179637090932509958,0
VIDEO_7195225752541875462,0
VIDEO_7229679892399426842,1
VIDEO_7231544878478445850,0
VIDEO_7261499359819336986,1
VIDEO_7182218891702127877,0
VIDEO_7215238321247751430,0
VIDEO_7261562285791956251,1
VIDEO_7309783088618409248,0
VIDEO_7316431760194096416,0
VIDEO_7296501143700606241,1
VIDEO_7306457226254781729,0
VIDEO_7317653042533305633,0
VIDEO_7261564389075995930,1
VIDEO_7302352085796916513,1
VIDEO_7308389510113512737,1
VIDEO_7314256868556213537,0
VIDEO_7312547480120380705,0
VIDEO_7297157611294706976,1
VIDEO_7277906809787059489,0
VIDEO_7310606511775026464,0
VIDEO_7304693853758491936,0
VIDEO_7317290713673190688,0
VIDEO_7331017914612567329,0
VIDEO_7319092525329829153,0
VIDEO_7314335987033738528,1
VIDEO_7321969929564065057,0
VIDEO_7322866542985710881,0
VIDEO_7333604507793853728,0
VIDEO_7329087770905840928,0
VIDEO_7327632037437820193,0
VIDEO_7323194315415588129,0
VIDEO_7332156358902500640,0
VIDEO_7332775399883033888,0
VIDEO_7326887540705873185,0
VIDEO_7318026666939256096,0
VIDEO_7318769443222359329,0
VIDEO_7335020484637068576,0
VIDEO_7334752917439712545,0
VIDEO_7334339873127632161,0
VIDEO_7322495223089712416,1
VIDEO_7324339550283664672,0
VIDEO_7345082142235413793,0
VIDEO_7342403362714914080,0
VIDEO_7336662438282120481,0
VIDEO_7337328365147295009,0
VIDEO_7338699162768149792,1
VIDEO_7342531903209114913,0
VIDEO_7336193209883839776,0
VIDEO_7344271684406349088,0
VIDEO_7338875309913017633,0
VIDEO_7335348681832418593,1
VIDEO_7345753568462261537,0
VIDEO_7338777101547490593,1
VIDEO_7337687297132973344,0
VIDEO_7340682108735671584,0
VIDEO_7336480513269583136,0
VIDEO_7338384626773216545,0
VIDEO_7385258008760028448,0
VIDEO_7383600515478736161,0
VIDEO_7348433044216253729,0
VIDEO_7388136382436281633,0
VIDEO_7381446389819018529,1
VIDEO_7382840415893998880,0
VIDEO_7350265065762819360,0
VIDEO_7345850735894072609,0
VIDEO_7391769807764458784,0
VIDEO_7355500880721939744,0
VIDEO_7369943098031443233,0
VIDEO_7357327030335114528,1
VIDEO_7400010201476123937,0
VIDEO_7354375095868984608,0
VIDEO_7394757283214806305,0
VIDEO_7401059521860209952,0
VIDEO_7429721456851864864,0
VIDEO_7392879054988397856,0
VIDEO_7415546238927523104,0
VIDEO_7402923905754746145,0
VIDEO_7426709076924484897,0
VIDEO_7393953054967581985,0
VIDEO_7396981634572078369,0
VIDEO_7393260705048268065,0
VIDEO_7396708038398266656,0
VIDEO_7447835163444235552,0
VIDEO_7461582150937169174,0
VIDEO_7444192177149742358,1
VIDEO_7425904564697632032,0
VIDEO_7457889721201577248,0
VIDEO_7431201197672975648,1
VIDEO_7444957131670949142,1
VIDEO_7466084820825787680,0
VIDEO_7465291116045208865,0
VIDEO_7459384907962305825,0
VIDEO_7447515391426825504,1
VIDEO_7439254923365059873,0
VIDEO_7446787674863684886,0
VIDEO_7464875419959921952,0
VIDEO_7462724279965125920,0
VIDEO_7467999174936644886,0
VIDEO_7437476740533865761,0
VIDEO_7514700901009886486,0
VIDEO_7508723396641852694,0
VIDEO_7477287305078934786,0
VIDEO_7479068329584364823,0
VIDEO_7486043762590895382,0
VIDEO_7514333529551949078,0
VIDEO_7516934430083091734,1
VIDEO_7473874393719000342,0
VIDEO_7467185543240109345,0
VIDEO_7506824474902433026,0
VIDEO_7483888039303843094,0
VIDEO_7491219464474856727,0
VIDEO_7476738167522053398,0
VIDEO_7500939642972212502,0
VIDEO_7483430893965626646,0
VIDEO_7515834191922072854,0
VIDEO_7474850979473640726,0
VIDEO_7512478582627732758,0
VIDEO_7523190975850679554,1
VIDEO_7517305745210232086,0
VIDEO_7547707789863406870,0
VIDEO_7542515768215211286,0
VIDEO_7475273206497086742,0
VIDEO_7518400955877199127,0
VIDEO_7535840388725378306,0
VIDEO_7538370537211432214,0
VIDEO_7546552028168719638,0
VIDEO_7538076349500689666,0
VIDEO_7529912051498552598,0
VIDEO_7528398053666016534,1
VIDEO_7558085942557347094,0
VIDEO_7543616748017241366,0
VIDEO_7579238923172547842,0
VIDEO_7549175046128831766,0
VIDEO_7572235624627899670,0
VIDEO_7553663983383858454,0
VIDEO_7580401530428394775,1
VIDEO_7565230748026899734,0
VIDEO_7569964600523853078,1
VIDEO_7572210786991344918,0
VIDEO_7572210750937107734,0
VIDEO_7556260834817723670,0
VIDEO_7582501864428604694,0
VIDEO_7555760932794764566,1
VIDEO_7554403190200945942,0
VIDEO_7550653411583102230,0
VIDEO_7586610643130764566,0
VIDEO_7572223162520177942,0
VIDEO_7587702184708558102,1
VIDEO_7567318876392901910,0
VIDEO_7590299923803884803,0
VIDEO_7587833111010954518,1
VIDEO_7597370054556011798,1
VIDEO_6792131260543225094,0
VIDEO_7591860205567151382,0
VIDEO_7018826174767942918,0
VIDEO_6927665892457237765,0
VIDEO_6796363351816555782,0
VIDEO_7036807584111709445,0
VIDEO_7018383080205356293,0
VIDEO_7037532518978964741,0
VIDEO_6793347939294072069,0
VIDEO_7026756047805205766,0
VIDEO_6796364077095472389,0
VIDEO_7025927416061250821,0
VIDEO_6794470373212589317,0
VIDEO_6797039273053850886,0
VIDEO_6943540424141491461,0
VIDEO_6792133610360065285,0
VIDEO_7020800251950927109,0
VIDEO_7001054542804667653,0
VIDEO_6935817751898426629,0
VIDEO_6793765694619143430,0
VIDEO_6937251547290045701,0
VIDEO_7028978217117682949,0
VIDEO_7037974894553894150,0
VIDEO_6795606002222796037,0
VIDEO_7055610539749199109,0
VIDEO_7057200753470950661,0
VIDEO_7059302103713402117,0
VIDEO_7061974363939261701,0
VIDEO_7050500563045338374,1
VIDEO_7043834307458141446,0
VIDEO_7054582233989958917,0
VIDEO_7038638363686997254,0
VIDEO_7041603482742230278,0
VIDEO_7049689395460312326,1
VIDEO_7051571825989422342,0
VIDEO_7058313871718714629,0
VIDEO_7037757089799818502,0
VIDEO_7041969079246245126,1
VIDEO_7054222416247000325,0
VIDEO_7042347189179403525,0
VIDEO_7043009038623329541,0
VIDEO_7039780337739730181,1
VIDEO_7040105390410960133,0
VIDEO_7046370407758286085,0
VIDEO_7094187420819803398,1
VIDEO_7057548200625917190,0
VIDEO_7062740749992971526,1
VIDEO_7075734573933530373,1
VIDEO_7082286078417259782,0
VIDEO_7073146702995279110,1
VIDEO_7095777172513721605,1
VIDEO_7069799098576112901,1
VIDEO_7080915608727997701,1
VIDEO_7074987594026700038,0
VIDEO_7090931568486763781,1
VIDEO_7078325137698770181,1
VIDEO_7076526059344104709,0
VIDEO_7068298283386506502,1
VIDEO_7073511726888635653,0
VIDEO_7093581650163944709,1
VIDEO_7083155569812589829,0
VIDEO_7068682786437139718,1
VIDEO_7063127157068844294,0
VIDEO_7122480993948159238,1
VIDEO_7192617192850984198,0
VIDEO_7173695147639655686,1
VIDEO_7065713702833638662,0
VIDEO_7190456972418862342,1
VIDEO_7165165100075093253,0
VIDEO_7187436390131453190,1
VIDEO_7182978974253944069,1
VIDEO_7188189006851575046,0
VIDEO_7177417414542429445,1
VIDEO_7145110811000835333,1
VIDEO_7165908407793372422,0
VIDEO_7167386112040684805,1
VIDEO_7183477138249485594,0
VIDEO_7162123924233358598,1
VIDEO_7125076892729756933,1
VIDEO_7178897418107358469,1
VIDEO_7194859372227480838,0
VIDEO_7181124364987895046,1
VIDEO_7180392341839105286,1
VIDEO_7184459390143974662,1
VIDEO_7170730138965970181,1
VIDEO_7158468268074749189,1
VIDEO_7142874586755976454,1
VIDEO_7197080264625966341,0
VIDEO_7172507378498260229,0
VIDEO_7194484239583284486,1
VIDEO_7141029212244233478,1
VIDEO_7150676745937587462,1
VIDEO_7168935772777614597,0
VIDEO_7203763760538897669,1
VIDEO_7215252214514715909,1
VIDEO_7202277032938540294,0
VIDEO_7278768931857354016,0
VIDEO_7221177538855423258,1
VIDEO_7169238545779952902,0
VIDEO_7204874673367125254,0
VIDEO_7204395621468392709,1
VIDEO_7210817231368785158,0
VIDEO_7210074063765638406,1
VIDEO_7239729661788359962,1
VIDEO_7198558888940113158,0
VIDEO_7228976565445512475,0
VIDEO_7264884699636469025,0
VIDEO_7207842110316268805,1
VIDEO_7198194674354457861,0
VIDEO_7199677935949778181,1
VIDEO_7197824225988726021,0
VIDEO_7208952610336820485,0
VIDEO_7216365794093976838,1
VIDEO_7280925746183408928,0
VIDEO_7223430604547837210,1
VIDEO_7262465807949647136,1
VIDEO_7203019203857665286,1
VIDEO_7294284376454532384,1
VIDEO_7342536344561896737,1
VIDEO_7206342637316607237,0
VIDEO_7290947930108857633,1
VIDEO_7335861253551787297,1
VIDEO_7305435593499086112,1
VIDEO_7296154996683410720,1
VIDEO_7340684346040290593,1
VIDEO_7300112308179701025,0
VIDEO_7312851563037330721,1
VIDEO_7338070752501026081,1
VIDEO_7327333280297127201,1
VIDEO_7291678102948810016,1
VIDEO_7287983702959869217,1
VIDEO_7302473271067397409,0
VIDEO_7301350531325365537,0
VIDEO_7312484712440745249,0
VIDEO_7322502255616314656,1
VIDEO_7296889866002910497,0
VIDEO_7286863155026808096,0
VIDEO_7294659855434911008,0
VIDEO_7289092371030002977,1
VIDEO_7293541624359996704,1
VIDEO_7293173989143366945,0
VIDEO_7319902152686718241,1
VIDEO_7329560864518901024,1
VIDEO_7288720379772800288,0
VIDEO_7324741085438397729,1
VIDEO_7304326742255209761,1
VIDEO_7458336545490193686,0
VIDEO_7564069366606679318,1
VIDEO_7476157177149803798,1
VIDEO_7345144791094660384,1
VIDEO_7485818484723567894,1
VIDEO_7298393830204640545,0
VIDEO_7345515480288922912,0
VIDEO_7494193739187916054,0
VIDEO_7487328540497628438,1
VIDEO_7565953021411216662,1
VIDEO_7377811070636920096,0
VIDEO_7459503727737687318,1
VIDEO_7484305196332436758,1
VIDEO_7493955664008498454,1
VIDEO_7480244111207976214,0
VIDEO_7461615118414073110,0
VIDEO_7348413567797841185,0
VIDEO_7421838132624002336,0
VIDEO_7493248933460741378,1
VIDEO_7454233566264855831,0
VIDEO_7451599218545970454,1
VIDEO_7418230327207939360,1
VIDEO_7483220883759303959,1
VIDEO_7429021024517229857,1
VIDEO_7421927684965502240,1
VIDEO_7564712687565802774,1
VIDEO_7463500754318347542,0
VIDEO_7403421764769926432,0
VIDEO_7482898265906646294,1
VIDEO_7480938335133863190,1
VIDEO_7581205344420924694,0
VIDEO_7571134268403895574,0
VIDEO_7572605667299708182,1
VIDEO_7442235405757336864,0
VIDEO_7566313596351778070,1
VIDEO_7575105754374458646,1
VIDEO_7575170897451945238,1
VIDEO_7577096797580053782,1
VIDEO_7590184087122660630,1
VIDEO_7587134900852100374,1
VIDEO_7584105481719844118,1
VIDEO_7593403675297467651,1
VIDEO_7581507576219618582,0
VIDEO_7574759080368114966,1
VIDEO_7571893908754451734,0
VIDEO_7577088828171734294,1
VIDEO_7566941841996647702,0
VIDEO_7579287270092459286,1
VIDEO_7579578853308337430,1
VIDEO_7592263862284586263,1
VIDEO_7583420207629225238,1
VIDEO_7580065942730738966,1
VIDEO_7577374333048196374,1
VIDEO_7587070120556580118,1
VIDEO_7592281951206133014,1
VIDEO_7582921759985356054,1
VIDEO_7593661214027156758,1
VIDEO_7593727684606168342,1
VIDEO_7606360801234013462,1
VIDEO_7602968538319539478,1
VIDEO_7603412461068291350,1
VIDEO_7013121880366255365,0
VIDEO_7036035511869246725,0
VIDEO_7594911702613773590,1
VIDEO_6969101040918465798,0
VIDEO_6956567938891599109,0
VIDEO_7095721528142155014,0
VIDEO_7098701138203069702,0
VIDEO_7067063225736580357,0
VIDEO_7108997263912979717,0
VIDEO_7116439198285958405,1
VIDEO_7112440653350571269,0
VIDEO_7040300833019415813,0
VIDEO_7111254884971744518,0
VIDEO_7078227199463066886,0
VIDEO_7059301793574046982,0
VIDEO_7068640088774741254,1
VIDEO_7101649191662882053,0
VIDEO_7100934148864494854,0
VIDEO_7070162555695615237,0
VIDEO_7113851055355596038,0
VIDEO_7104552926231743749,0
VIDEO_7041273346830454022,0
VIDEO_7044841251262237958,0
VIDEO_7103816728982916357,1
VIDEO_7077571361660521733,0
VIDEO_7088619536202648837,0
VIDEO_7080140185001938181,0
VIDEO_7176917454893911301,1
VIDEO_7191012677869702405,1
VIDEO_7187830945658031365,0
VIDEO_7127182082568113413,0
VIDEO_7195215450970606853,1
VIDEO_7188587993752702213,1
VIDEO_7193034087660031237,1
VIDEO_7164772525006720262,0
VIDEO_7191848035784117510,0
VIDEO_7135716231218318597,0
VIDEO_7129505006046170373,0
VIDEO_7143162692004482310,0
VIDEO_7183009043407965445,1
VIDEO_7178804187403259142,0
VIDEO_7179688144382512390,0
VIDEO_7133481707449142533,0
VIDEO_7177655896699325702,0
VIDEO_7172555111879757062,0
VIDEO_7140150980246719750,0
VIDEO_7184090635018784005,1
VIDEO_7130906655885102341,0
VIDEO_7137227107456879877,1
VIDEO_7184844462525287685,1
VIDEO_7128322715894729989,0
VIDEO_7181547992061676805,1
VIDEO_7192298503878577413,1
VIDEO_7130612533437762821,0
VIDEO_7180437054843538693,0
VIDEO_7203810617180933382,0
VIDEO_7207350500419702022,1
VIDEO_7218219061707033882,0
VIDEO_7209925340557348101,1
VIDEO_7208839545989762309,0
VIDEO_7213655175318211845,1
VIDEO_7215124561799449861,0
VIDEO_7211431817205878021,0
VIDEO_7197445468585037062,1
VIDEO_7211130311667715334,1
VIDEO_7201579247616494853,0
VIDEO_7213453348270378246,1
VIDEO_7196711667420384517,1
VIDEO_7218493650160897306,1
VIDEO_7212710657672678661,0
VIDEO_7200056336321613062,1
VIDEO_7205658829403458821,0
VIDEO_7203048812351327494,1
VIDEO_7211932492914298118,1
VIDEO_7195937456271691014,1
VIDEO_7213053350290459910,0
VIDEO_7198831282984324358,1
VIDEO_7202313398300724485,1
VIDEO_7215656408069442822,0
VIDEO_7214767845383900421,0
VIDEO_7210434710646836485,1
VIDEO_7204907848449527045,1
VIDEO_7198189694750838022,0
VIDEO_7233472157588753691,0
VIDEO_7226043488738069787,1
VIDEO_7208539932422425861,1
VIDEO_7218857185764216069,1
VIDEO_7228975701066550554,0
VIDEO_7227138868447923482,1
VIDEO_7234190958772882715,0
VIDEO_7234782434531839258,1
VIDEO_7222319662787202310,0
VIDEO_7219686321739123974,1
VIDEO_7220074643086904581,0
VIDEO_7230327665918512411,0
VIDEO_7221552853356236037,1
VIDEO_7231163731080711450,0
VIDEO_7226428593075752218,1
VIDEO_7225632323146943771,0
VIDEO_7233784589523717402,0
VIDEO_7227881339125583131,1
VIDEO_7233097610821700890,1
VIDEO_7235651777805290778,0
VIDEO_7226734943869750555,1
VIDEO_7229342870518385946,1
VIDEO_7220765448000900357,1
VIDEO_7235266120414924058,1
VIDEO_7227547227005209882,0
VIDEO_7228647012009282842,1
VIDEO_7224934115089370395,0
VIDEO_7231978849448381722,0
VIDEO_7223080468101483781,1
VIDEO_7221875155184733445,1
VIDEO_7225296808900152603,0
VIDEO_7250141865645788443,0
VIDEO_7237872414581935386,1
VIDEO_7239344688006728986,1
VIDEO_7246768104922008858,1
VIDEO_7241956873698577691,1
VIDEO_7241209133540609307,1
VIDEO_7236043111128894747,1
VIDEO_7238235896724704538,1
VIDEO_7238653863794887962,1
VIDEO_7239735340737498395,0
VIDEO_7242719682128530714,1
VIDEO_7249004039688572186,1
VIDEO_7236382869650689306,1
VIDEO_7244550731141844251,1
VIDEO_7245239505911893274,0
VIDEO_7242348894435167514,1
VIDEO_7236760874646637851,1
VIDEO_7245708272181759258,0
VIDEO_7237120496020573467,1
VIDEO_7237511650532773146,1
VIDEO_7248301740670323995,1
VIDEO_7262720109133794592,0
VIDEO_7250555651993160987,1
VIDEO_7257181704241024282,1
VIDEO_7253425216984976667,0
VIDEO_7256066819247623450,1
VIDEO_7254561581449612571,1
VIDEO_7264173669612670240,1
VIDEO_7257040734174465307,1
VIDEO_7252685251112176922,1
VIDEO_7262001980095106337,0
VIDEO_7255302948413099290,1
VIDEO_7263464155540147489,1
VIDEO_7259455690996075803,1
VIDEO_7258676118033599771,1
VIDEO_7264958192017362208,0
VIDEO_7259047429796908315,1
VIDEO_7262342975752113441,1
VIDEO_7280571511138782496,1
VIDEO_7275592243086478624,0
VIDEO_7271935381937884448,0
VIDEO_7283139399582240032,0
VIDEO_7279032970286009632,1
VIDEO_7270111755886415137,0
VIDEO_7277939332831251744,0
VIDEO_7274647533002034465,0
VIDEO_7265326628274752801,0
VIDEO_7277097435090930977,0
VIDEO_7276041559500475680,0
VIDEO_7280108212878200096,1
VIDEO_7271545826923531552,1
VIDEO_7269759073967525153,1
VIDEO_7270778269899722016,0
VIDEO_7282663509505133856,1
VIDEO_7281651537124871456,1
VIDEO_7281279828307856673,1
VIDEO_7288326750243704096,1
VIDEO_7283524894585883936,0
VIDEO_7284876929713442080,0
VIDEO_7302346370701118752,1
VIDEO_7296115605927644449,0
VIDEO_7292048482456587553,1
VIDEO_7301229129314159904,1
VIDEO_7297134358689860896,1
VIDEO_7300846195444927776,1
VIDEO_7289368885390806304,1
VIDEO_7285256841158790433,1
VIDEO_7298264093100674336,0
VIDEO_7287986771483282720,1
VIDEO_7289785625367153952,1
VIDEO_7302041138670619936,1
VIDEO_7290955653349133600,1
VIDEO_7294149539781463328,1
VIDEO_7285720218360368417,1
VIDEO_7293822418068442400,0
VIDEO_7297529063785123104,1
VIDEO_7299732621825690912,1
VIDEO_7294901504752782625,1
VIDEO_7291300657355689249,1
VIDEO_7290457107726339360,1
VIDEO_7300495910595808545,1
VIDEO_7286488221893020960,1
VIDEO_7303174310259166497,1
VIDEO_7293176268361665824,1
VIDEO_7316159323728661792,0
VIDEO_7310626433129270560,1
VIDEO_7309427596553489696,1
VIDEO_7305093445926915361,0
VIDEO_7304376408191683872,1
VIDEO_7309856299632676129,1
VIDEO_7310258308969991457,1
VIDEO_7316470398261021985,1
VIDEO_7304665669872782625,1
VIDEO_7312076882822909217,1
VIDEO_7302809103150206241,1
VIDEO_7309091598472727840,1
VIDEO_7306585450305555745,0
VIDEO_7311263969220644129,1
VIDEO_7308758430318071072,1
VIDEO_7303586993965960480,1
VIDEO_7331811695360363809,1
VIDEO_7325724813115346208,0
VIDEO_7318707614332849441,0
VIDEO_7319513643534568736,1
VIDEO_7329423244992236832,1
VIDEO_7331415350828911904,1
VIDEO_7334381637586652448,1
VIDEO_7311663059695570208,1
VIDEO_7317664309432077600,1
VIDEO_7320909330314775840,1
VIDEO_7323612868484631840,1
VIDEO_7323108113698147616,1
VIDEO_7324283735749266721,1
VIDEO_7319074307202616609,1
VIDEO_7335091592077856032,1
VIDEO_7317307650499251488,0
VIDEO_7328709134126206241,1
VIDEO_7326123173311728929,1
VIDEO_7320159598290226464,0
VIDEO_7322488817968041249,1
VIDEO_7330883086684622112,0
VIDEO_7324696131143847201,1
VIDEO_7323972466445946145,0
VIDEO_7332835826579164449,1
VIDEO_7344270149593091361,0
VIDEO_7352233957276044577,0
VIDEO_7348379737519082784,1
VIDEO_7345543122400726305,1
VIDEO_7325097832015203617,1
VIDEO_7350207537771220256,0
VIDEO_7350954462992682272,1
VIDEO_7350708094302735649,0
VIDEO_7354275810578140449,1
VIDEO_7338052242651598112,0
VIDEO_7353535610641976609,0
VIDEO_7348717316856712480,0
VIDEO_7354009165796216097,0
VIDEO_7351779832969104673,1
VIDEO_7337268516128591136,1
VIDEO_7340916267571858721,0
VIDEO_7346110636008475937,1
VIDEO_7343256943923858720,1
VIDEO_7341290377858567456,1
VIDEO_7362544046675447073,1
VIDEO_7357646734354304289,0
VIDEO_7368427984539127073,1
VIDEO_7366603470272515361,1
VIDEO_7365161137324805408,1
VIDEO_7369613653626113313,1
VIDEO_7356509644170333473,1
VIDEO_7361030582446378272,1
VIDEO_7367273018181160224,0
VIDEO_7358723892992642336,0
VIDEO_7369936386000031009,1
VIDEO_7360309213765045536,0
VIDEO_7363657122795490593,1
VIDEO_7355765566625402144,1
VIDEO_7361799258107841825,1
VIDEO_7365841944318086432,0
VIDEO_7371791896622173473,0
VIDEO_7377004580510436641,0
VIDEO_7376630682824576289,1
VIDEO_7399196283501628705,0
VIDEO_7375160946618076449,0
VIDEO_7374072615356353825,0
VIDEO_7379193504355978528,0
VIDEO_7382166710029208865,0
VIDEO_7391756601100651809,1
VIDEO_7372534191776386336,0
VIDEO_7379227737271094561,1
VIDEO_7388867149407849760,0
VIDEO_7374412100833250593,0
VIDEO_7378467106636991777,1
VIDEO_7401388090830359841,0
VIDEO_7394351547376880929,0
VIDEO_7381115594076146977,1
VIDEO_7403329560554523936,1
VIDEO_7392856168214957345,1
VIDEO_7387308322162052385,0
VIDEO_7386194546062839073,0
VIDEO_7390632928780340512,1
VIDEO_7414443436134223137,1
VIDEO_7410298388022824225,1
VIDEO_7442349120498519329,1
VIDEO_7431962598909791521,1
VIDEO_7412540786975231264,1
VIDEO_7436403924350864672,1
VIDEO_7434931188642352417,1
VIDEO_7423773390932135201,1
VIDEO_7425965869924142369,0
VIDEO_7407736509996043553,1
VIDEO_7429720640111791392,1
VIDEO_7436650165861141792,1
VIDEO_7433817907278269729,1
VIDEO_7441626192760884513,1
VIDEO_7440465091817999649,1
VIDEO_7436044441170857249,1
VIDEO_7437536576072125728,1
VIDEO_7431168865142328608,0
VIDEO_7441997259060825377,1
VIDEO_7428251635102534945,1
VIDEO_7466117788898315552,1
VIDEO_7476404323317222658,0
VIDEO_7485301680930688278,0
VIDEO_7440142040542825760,1
VIDEO_7456840693982465312,1
VIDEO_7452758752337399073,1
VIDEO_7471251146288418070,0
VIDEO_7474625701350509846,0
VIDEO_7454985264952266016,1
VIDEO_7452387800818666785,1
VIDEO_7456310839121874198,1
VIDEO_7467231080735690017,1
VIDEO_7545446733921209622,1
VIDEO_7465375886779403552,1
VIDEO_7473095088948759830,0
VIDEO_7480851478555659543,0
VIDEO_7463520186876939552,1
VIDEO_7458325240628661537,1
VIDEO_7449430237114404128,1
VIDEO_7537707440142454038,0
VIDEO_7444595106025442593,1
VIDEO_7478288153153916182,0
VIDEO_7468715378743528736,1
VIDEO_7457582868370296096,1
VIDEO_7566297785914412310,1
VIDEO_7553554500972367107,1
VIDEO_7569206708090850582,1
VIDEO_7563724139240885526,0
VIDEO_7574767270392532246,0
VIDEO_7575831202117045526,0
VIDEO_7469703437299551510,0
VIDEO_7587308013363449121,0
VIDEO_7553924193562266902,0
VIDEO_7577768828214512918,1
VIDEO_7546473791115791638,1
VIDEO_7572922723836431638,1
VIDEO_7589754729350155542,0
VIDEO_7583720650200730902,1
VIDEO_7568382003330993430,1
VIDEO_7556661292233379075,0
VIDEO_7603273994216738070,1
VIDEO_7604808799404264726,1
VIDEO_7593041331174362390,0
VIDEO_6855731886438763781,1
VIDEO_6852640471013920006,0
VIDEO_7596993704146046230,0
VIDEO_6800982671657880837,0
VIDEO_6847902541095668997,0
VIDEO_6802558843114114310,0
VIDEO_6876362124260691202,1
VIDEO_6874890977631390978,1
VIDEO_7101685930276293894,1
VIDEO_6927911225066130693,1
VIDEO_7063121025394855173,0
VIDEO_6980342168535846149,0
VIDEO_6923969706332327174,0
VIDEO_6936943102523378950,0
VIDEO_7093894381794512133,1
VIDEO_7096121724990655749,0
VIDEO_7138043316087606533,1
VIDEO_7067569943449046278,1
VIDEO_6896446483080482050,1
VIDEO_6891645296233794817,1
VIDEO_7114705253899029765,1
VIDEO_6904609211431357698,1
VIDEO_6940653001791130885,0
VIDEO_7071272731286834437,0
VIDEO_7079814734664436998,1
VIDEO_6958797242429934854,1
VIDEO_6893888228848389377,0
VIDEO_6883561429727726850,1
VIDEO_7107270367303044358,1
VIDEO_7019559155425955077,0
VIDEO_7289470545270279456,1
VIDEO_7023313220278553862,1
VIDEO_7205976379370851589,0
VIDEO_7307595143559859488,1
VIDEO_7208566584535764250,1
VIDEO_7164792237543394566,0
VIDEO_7298756408994991393,1
VIDEO_7224139299594194203,1
VIDEO_7335847049495203104,1
VIDEO_7156608613346184454,0
VIDEO_7185555102487416070,1
VIDEO_7322847358646078752,1
VIDEO_7143619564775968006,0
VIDEO_7311689753676533024,1
VIDEO_7166637213604678917,1
VIDEO_7162183685423385862,1
VIDEO_7153997940774882565,1
VIDEO_7177404002508803334,1
VIDEO_7272755309658098976,1
VIDEO_7226766521719213338,0
VIDEO_7348097820320173344,1
VIDEO_7478712216724802838,0
VIDEO_7470850262840691990,1
VIDEO_7286486663910542625,1
VIDEO_7416286728513735968,1
VIDEO_7504292781637127446,1
VIDEO_7343975400122354977,1
VIDEO_7566270741134462230,0
VIDEO_7568823330518748438,0
VIDEO_7361057454454508833,1
VIDEO_7569927329154190614,1
VIDEO_7374727208394411297,1
VIDEO_7424512450856357153,1
VIDEO_7546523294489414934,1
VIDEO_7462655968522931478,1
VIDEO_7487960173529582870,1
VIDEO_7520640970199698710,0
VIDEO_7496799936558796054,1
VIDEO_7571821778746592534,1
VIDEO_7442737337525669142,1
VIDEO_7602656035161050390,1
VIDEO_7536170254989315350,1
VIDEO_6945377653587266822,0
VIDEO_6897900291631402242,0
VIDEO_6934012329067597061,0
VIDEO_7590718903144287510,1
VIDEO_6980319450687868166,0
VIDEO_6895288761354112258,0
VIDEO_6921676134212029701,0
VIDEO_6942166804311575814,0
VIDEO_6876847536938749185,0
VIDEO_6918691694791691525,0
VIDEO_6926459852134845701,0
VIDEO_6923874728902003973,0
VIDEO_6946128715000663301,0
VIDEO_7059442492080491781,0
VIDEO_6980696986135710981,0
VIDEO_7054255399968476422,0
VIDEO_7057221943623306501,1
VIDEO_7056858947935915270,0
VIDEO_7053136217717607686,0
VIDEO_7060191695681375493,0
VIDEO_7061273234259610885,1
VIDEO_7041160388334980357,1
VIDEO_7053886455805955333,0
VIDEO_7038692809985051909,0
VIDEO_7056423267564899590,0
VIDEO_7060513660975844614,1
VIDEO_7059832468412583173,0
VIDEO_7054964457310539013,1
VIDEO_7058664802880589062,0
VIDEO_7059747853035441414,0
VIDEO_7058348964306783493,0
VIDEO_7061663961090936070,0
VIDEO_7072780188018380038,0
VIDEO_7071272326746230021,1
VIDEO_7065769954695564550,0
VIDEO_7059081815985818886,0
VIDEO_7070907935722917126,1
VIDEO_7062415851231677702,0
VIDEO_7072060893818899717,1
VIDEO_7064650116321250566,0
VIDEO_7063505399307144454,1
VIDEO_7069844079122599173,0
VIDEO_7066872454249073925,0
VIDEO_7062046390570061061,1
VIDEO_7064244808700726533,0
VIDEO_7072415750589254918,1
VIDEO_7067985901011373317,1
VIDEO_7067623396279930117,1
VIDEO_7064977105032858885,1
VIDEO_7070569241413422342,0
VIDEO_7073513732395044102,0
VIDEO_7066474035613388037,0
VIDEO_7070218376328563973,0
VIDEO_7064585014561754373,0
VIDEO_7082386924677205253,0
VIDEO_7068731699701484806,1
VIDEO_7083526112558517510,1
VIDEO_7074644027190103302,0
VIDEO_7076131060420988165,1
VIDEO_7076502785742720261,1
VIDEO_7078352231413697797,1
VIDEO_7073906588079246598,0
VIDEO_7079418950315969798,1
VIDEO_7083882172154645765,1
VIDEO_7077597321667546373,1
VIDEO_7081276473687985413,1
VIDEO_7080583186522098949,1
VIDEO_7081701013891157253,0
VIDEO_7080188060561837318,0
VIDEO_7081323710442917125,1
VIDEO_7082037036730813701,0
VIDEO_7073547434244328709,0
VIDEO_7080535307816291589,1
VIDEO_7079071645771500806,1
VIDEO_7079836018203020549,0
VIDEO_7075406881111444742,1
VIDEO_7083159832185933061,1
VIDEO_7085404371671846150,1
VIDEO_7175864609029491974,0
VIDEO_7085367737178000646,1
VIDEO_7083930192657353990,0
VIDEO_7082815811529805062,1
VIDEO_7087592356664315141,1
VIDEO_7086144769222511877,0
VIDEO_7086527236471311622,1
VIDEO_7174823379453644037,0
VIDEO_7085748815449312517,0
VIDEO_7087984641864502534,1
VIDEO_7084552539126926597,0
VIDEO_7087653844863208709,1
VIDEO_7175115192966106374,0
VIDEO_7176635190469512453,0
VIDEO_7198947136300403974,0
VIDEO_7086111451965869317,1
VIDEO_7186344254921280773,1
VIDEO_7207818125402852613,0
VIDEO_7206417246502046981,0
VIDEO_7185872343988702470,0
VIDEO_7187448552354794758,0
VIDEO_7180432290151959814,0
VIDEO_7182983364293430533,1
VIDEO_7197470706416815365,1
VIDEO_7199338065867934982,0
VIDEO_7189175939098561798,1
VIDEO_7184475894335950085,1
VIDEO_7201892299112992005,1
VIDEO_7189955800851320070,1
VIDEO_7319511492888366342,1
VIDEO_7179319229924084997,1
VIDEO_7320606856995523846,1
VIDEO_7325113581249301766,1
VIDEO_7221953102184779013,0
VIDEO_7267229404584037638,0
VIDEO_7323237610665544966,0
VIDEO_7214396955810680069,1
VIDEO_7217463144069844230,0
VIDEO_7332928025517903109,0
VIDEO_7329596850804100358,0
VIDEO_7328066217929985286,0
VIDEO_7333701921573850374,0
VIDEO_7325861199604665606,0
VIDEO_7334734613429882117,1
VIDEO_7334309352062405893,1
VIDEO_7329985883539541253,0
VIDEO_7349173304613162246,1
VIDEO_7339952469901970693,0
VIDEO_7346623546229099781,0
VIDEO_7338825965419662598,1
VIDEO_7461940902890605829,1
VIDEO_7426721230721453318,1
VIDEO_7348384350297165061,0
VIDEO_7463089844516965637,0
VIDEO_7457617290348072197,1
VIDEO_7341020687345192197,0
VIDEO_7415576931577433349,1
VIDEO_7345477638619778309,1
VIDEO_7559134249731853579,0
VIDEO_7520150754858896645,0
VIDEO_7488241037907905797,1
VIDEO_7527665793501318456,1
VIDEO_7540672667704118533,1
VIDEO_7565955844764863755,1
VIDEO_7545528304237841720,1
VIDEO_7569526874024512780,1
VIDEO_7537787296209259782,1
VIDEO_7561497104322022667,1
VIDEO_7553173878785297720,1
VIDEO_7470863926922579205,0
VIDEO_7575902535349816588,1
VIDEO_7479794065983147269,0
VIDEO_7524995526518000901,1
VIDEO_7517644986310020408,0
VIDEO_7577087400501857592,1
VIDEO_7578641094464867595,1
VIDEO_7584927758497697035,1
VIDEO_7595900789546044684,0
VIDEO_7570044496004533516,1
VIDEO_7593820955810598156,1
VIDEO_7597437745258073400,1
VIDEO_7593673061476420920,1
VIDEO_7582952363116268812,1
VIDEO_7580037763580415244,1
VIDEO_7291228337123511585,0
VIDEO_7309133635578236192,0
VIDEO_7312523032025730337,0
VIDEO_7261958198775532832,1
VIDEO_7303968237966904609,0
VIDEO_7274897399045246241,0
VIDEO_7286830586478578976,0
VIDEO_7586689516153343288,1
VIDEO_7297205575501270304,0
VIDEO_7283105183352016160,0
VIDEO_7307971449870994720,0
VIDEO_7305425778076880161,1
VIDEO_7304272406548319520,0
VIDEO_7267879991004761376,1
VIDEO_7322420132649749793,1
VIDEO_7343970143497653537,0
VIDEO_7372132003078032672,0
VIDEO_7450183993355488545,1
VIDEO_7340356860299496736,0
VIDEO_7341738165746634017,1
VIDEO_7390334004001639713,0
VIDEO_7351073088601148704,1
VIDEO_7333562774750088480,1
VIDEO_7315822267781467424,0
VIDEO_7325457714312727840,0
VIDEO_7442354645382532385,0
VIDEO_7321436866287373600,1
VIDEO_7321012358594235681,0
VIDEO_7323667240933444896,0
VIDEO_7453069595327384865,1
VIDEO_7318832237842156832,1
VIDEO_7327710709201014049,1
VIDEO_7319919643378912544,0
VIDEO_7447538385993895201,1
VIDEO_7446341554735828256,1
VIDEO_7399975638112783649,0
VIDEO_7447184186034654496,1
VIDEO_7338778286597655840,1
VIDEO_7483098002547100950,0
VIDEO_7466514918137728278,1
VIDEO_7466106459403701526,0
VIDEO_7476865863409257750,0
VIDEO_7477935287646063894,1
VIDEO_7486822725684792599,1
VIDEO_7457587495031606560,0
VIDEO_7471566242168491286,1
VIDEO_7493891893026180374,0
VIDEO_7481624954484690198,1
VIDEO_7495368561821535510,0
VIDEO_7570012092829748502,1
VIDEO_7520582757412556054,1
VIDEO_7575110522522144022,1
VIDEO_7473224176086584598,0
VIDEO_7491632736105450774,0
VIDEO_7471289820795374870,1
VIDEO_7469067273794456854,1
VIDEO_7470495287212084503,1
VIDEO_7559557230903774486,1
VIDEO_7523154104273915158,0
VIDEO_7507578375586712854,0
VIDEO_7553223847730777346,0
VIDEO_7517987561692794134,0
VIDEO_7465714414814137623,1
VIDEO_7546567057056353558,1
VIDEO_7593664206210157827,0
VIDEO_7566632651352853782,1
VIDEO_7598574537407548694,1
VIDEO_7582254546236230934,0
VIDEO_7578151818585328918,1
VIDEO_7580000663845850390,0
VIDEO_7591891163175554326,0
VIDEO_7594160012247797014,0
VIDEO_7576319921030827286,1
VIDEO_7587478416618736918,0
VIDEO_7596412614402460950,1
VIDEO_7606743080678591766,0
VIDEO_7604101089775865110,0
VIDEO_7598953535165959426,0
VIDEO_7597422827196763414,1
VIDEO_7586630099286510870,1
